,Facility,Degrees,Clustering Coefficient,Betweeness,Closeness,Eigenvector,tri_facility_id,primary_naics,parent_company_name,Chemicals,Community
0,IBM CORP,236,0.264442841688,0.0606448182409,0.728712871287,0.0560006096062,12602BMCRPSOUTH,334111,IBM CORP,"['AMMONIA', 'COPPER COMPOUNDS', 'ETHYLENE GLYCOL', 'FLUORINE', 'HYDROCHLORIC ACID (1995 AND AFTER ACID AEROSOLS"" ONLY)""', 'HYDROGEN FLUORIDE', 'LEAD', 'METHANOL', 'METHYL ISOBUTYL KETONE', 'N-METHYL-2-PYRROLIDONE', 'NITRIC ACID', 'OZONE', 'POLYCYCLIC AROMATIC COMPOUNDS', 'SULFURIC ACID (1994 AND AFTER ACID AEROSOLS"" ONLY)""']",0
1,IBM CORP,236,0.264442841688,0.0606448182409,0.728712871287,0.0560006096062,12533BM   EASTF,334413,IBM CORP,"['AMMONIA', 'COPPER COMPOUNDS', 'ETHYLENE GLYCOL', 'FLUORINE', 'HYDROCHLORIC ACID (1995 AND AFTER ACID AEROSOLS"" ONLY)""', 'HYDROGEN FLUORIDE', 'LEAD', 'METHANOL', 'METHYL ISOBUTYL KETONE', 'N-METHYL-2-PYRROLIDONE', 'NITRIC ACID', 'OZONE', 'POLYCYCLIC AROMATIC COMPOUNDS', 'SULFURIC ACID (1994 AND AFTER ACID AEROSOLS"" ONLY)""']",0
2,EASTMAN KODAK CO EASTMAN BUSINESS PARK,228,0.284218254888,0.0587865081172,0.717348927875,0.123391247381,14652STMNK1669L,325992,EASTMAN KODAK CO,"['ACETONITRILE', 'AMMONIA', 'ANILINE', 'BARIUM COMPOUNDS', 'BUTYL ACRYLATE', 'DICHLOROMETHANE', 'DIMETHYLAMINE', 'DIOXIN AND DIOXIN-LIKE COMPOUNDS', 'ETHYLENE GLYCOL', 'HYDROCHLORIC ACID (1995 AND AFTER ACID AEROSOLS"" ONLY)""', 'HYDROGEN FLUORIDE', 'LEAD COMPOUNDS', 'MERCURY COMPOUNDS', 'METHANOL', 'N,N-DIMETHYLFORMAMIDE', 'N-BUTYL ALCOHOL', 'POLYCYCLIC AROMATIC COMPOUNDS', 'PYRIDINE', 'SILVER COMPOUNDS', 'SULFURIC ACID (1994 AND AFTER ACID AEROSOLS"" ONLY)""', 'TOLUENE', 'TRIETHYLAMINE', 'XYLENE (MIXED ISOMERS)']",0
3,NORLITE LLC,225,0.243293650794,0.106509704089,0.720156555773,0.211257158203,12047NRLTC628SO,327992,TRADEBE ENVIRONMENTAL SERVICES LLC,"['1,1,1-TRICHLOROETHANE', '1,1,2,2-TETRACHLOROETHANE', '1,2,4-TRIMETHYLBENZENE', '1,2-DIBROMOETHANE', '1,2-DICHLOROETHANE', '1,2-DICHLOROPROPANE', '1,4-DICHLOROBENZENE', 'ABAMECTIN', 'ACETALDEHYDE', 'ACETONITRILE', 'ACETOPHENONE', 'ACIFLUORFEN, SODIUM SALT', 'ACRYLAMIDE', 'ANILINE', 'ARSENIC', 'BENZENE', 'CARBON TETRACHLORIDE', 'CERTAIN GLYCOL ETHERS', 'CHLOROBENZENE', 'CHLOROFORM', 'COPPER', 'CRESOL (MIXED ISOMERS)', 'CUMENE', 'CYCLOHEXANE', 'DIBUTYL PHTHALATE', 'DICHLOROMETHANE', 'DIMETHYL SULFATE', 'ETHYLBENZENE', 'ETHYLENE', 'ETHYLENE GLYCOL', 'ETHYLIDENE DICHLORIDE', 'FORMALDEHYDE', 'FREON 113', 'HEXACHLOROBENZENE', 'LEAD', 'M-CRESOL', 'METHANOL', 'METHYL ISOBUTYL KETONE', 'METHYL METHACRYLATE', 'METHYL TERT-BUTYL ETHER', 'N,N-DIMETHYLFORMAMIDE', 'N-BUTYL ALCOHOL', 'N-HEXANE', 'N-METHYL-2-PYRROLIDONE', 'NAPHTHALENE', 'NICKEL', 'NITROBENZENE', 'O-TOLUIDINE', 'O-XYLENE', 'P-CRESOL', 'PHENOL', 'PROPARGYL ALCOHOL', 'PYRIDINE', 'STYRENE', 'TETRACHLOROETHYLENE', 'TOLUENE', 'TRICHLOROETHYLENE', 'TRIETHYLAMINE', 'XYLENE (MIXED ISOMERS)']",1
4,ALCOA INC,193,0.332037996546,0.0510802778193,0.667876588022,0.0545403967911,13662LMNMCPARKA,331313,ALCOA INC,"['BENZO(G,H,I)PERYLENE', 'CARBONYL SULFIDE', 'CHLORINE', 'CHROMIUM', 'COPPER', 'DIOXIN AND DIOXIN-LIKE COMPOUNDS', 'HYDROCHLORIC ACID (1995 AND AFTER ACID AEROSOLS"" ONLY)""', 'HYDROGEN FLUORIDE', 'LEAD', 'MANGANESE', 'POLYCYCLIC AROMATIC COMPOUNDS']",4
5,BUCKEYE TERMINALS LLC - RENSSELAER TERMINAL,188,0.399931732848,0.0468020286601,0.666666666667,0.19644217698,12144MRDHS367AM,493190,BUCKEYE TERMINALS LLC,"['1,2,4-TRIMETHYLBENZENE', 'BENZENE', 'BENZO(G,H,I)PERYLENE', 'ETHYLBENZENE', 'LEAD', 'N-HEXANE', 'NAPHTHALENE', 'POLYCYCLIC AROMATIC COMPOUNDS', 'TOLUENE', 'XYLENE (MIXED ISOMERS)']",1
6,MPM SILICONES LLC,179,0.322453078903,0.0458872308001,0.653641207815,0.109819706443,12188GNRLL260HU,325211,MOMENTIVE PERFORMANCE MATERIALS HOLDINGS LLC,"['AMMONIA', 'CHLORINE', 'CHLOROETHANE', 'CHLOROMETHANE', 'COPPER COMPOUNDS', 'ETHYLBENZENE', 'ETHYLENE', 'HYDROCHLORIC ACID (1995 AND AFTER ACID AEROSOLS"" ONLY)""', 'LEAD COMPOUNDS', 'MERCURY COMPOUNDS', 'METHANOL', 'SULFURIC ACID (1994 AND AFTER ACID AEROSOLS"" ONLY)""', 'TOLUENE', 'XYLENE (MIXED ISOMERS)', 'ZINC COMPOUNDS']",0
7,INTERNATIONAL PAPER,178,0.336380371993,0.0421530308791,0.651327433628,0.0651826207514,12883NTRNTSHORE,322121,INTERNATIONAL PAPER CO,"['ACETALDEHYDE', 'AMMONIA', 'BENZO(G,H,I)PERYLENE', 'CHLORINE', 'CHLORINE DIOXIDE', 'DIOXIN AND DIOXIN-LIKE COMPOUNDS', 'FORMALDEHYDE', 'HYDROGEN SULFIDE', 'LEAD COMPOUNDS', 'MANGANESE COMPOUNDS', 'METHANOL', 'PHENOL', 'POLYCYCLIC AROMATIC COMPOUNDS', 'ZINC COMPOUNDS']",0
8,NORTHVILLE INDUSTRIES CORP - SETAUKET TERMINAL,167,0.437125748503,0.0299023697906,0.64,0.192471591801,11733NRTHV19TER,424710,NIC HOLDING CORP,"['1,2,4-TRIMETHYLBENZENE', 'BENZENE', 'CYCLOHEXANE', 'ETHYLBENZENE', 'LEAD COMPOUNDS', 'N-HEXANE', 'NAPHTHALENE', 'POLYCYCLIC AROMATIC COMPOUNDS', 'TOLUENE', 'XYLENE (MIXED ISOMERS)']",1
9,FINCH PAPER  LLC,164,0.378497680682,0.0326862123339,0.632302405498,0.0563844643178,12801FNCHP1GLEN,322121,FINCH PAPER HOLDINGS,"['AMMONIA', 'BENZO(G,H,I)PERYLENE', 'CHLORINE', 'CHLORINE DIOXIDE', 'DIOXIN AND DIOXIN-LIKE COMPOUNDS', 'LEAD COMPOUNDS', 'MANGANESE COMPOUNDS', 'METHANOL', 'POLYCYCLIC AROMATIC COMPOUNDS']",0
10,TONAWANDA COKE CORP,162,0.451192393221,0.0278018613835,0.634482758621,0.136322550329,14150TNWND3875R,324199,,"['ANTHRACENE', 'BENZENE', 'BENZO(G,H,I)PERYLENE', 'LEAD COMPOUNDS', 'NAPHTHALENE', 'PHENANTHRENE', 'POLYCYCLIC AROMATIC COMPOUNDS', 'TOLUENE', 'XYLENE (MIXED ISOMERS)']",1
11,BUCKEYE TERMINALS LLC - BROOKLYN TERMINAL,155,0.457729367407,0.0332790052021,0.627986348123,0.0814036897596,11231MRDHS722CT,493190,BUCKEYE TERMINALS LLC,"['1,2,4-TRIMETHYLBENZENE', 'BENZO(G,H,I)PERYLENE', 'LEAD', 'NAPHTHALENE', 'POLYCYCLIC AROMATIC COMPOUNDS']",3
12,ROCKTENN - SOLVAY LLC,152,0.450679679331,0.028064985759,0.618487394958,0.0341560742943,13209SLVYP53IND,322130,ROCK-TENN CO,"['HYDROGEN SULFIDE', 'LEAD', 'MERCURY', 'METHANOL', 'POLYCYCLIC AROMATIC COMPOUNDS']",4
13,CASTLE OIL PORT MORRIS INC,149,0.47569381462,0.0259912412485,0.61744966443,0.0476420803908,10454CSTLL939E1,424710,CASTLE OIL CO,"['LEAD', 'NAPHTHALENE', 'POLYCYCLIC AROMATIC COMPOUNDS']",4
14,SCEPTER NEW YORK INC,148,0.366611509469,0.0343490772933,0.61744966443,0.0225580426659,13148SCPTR11LAM,331314,SCEPTER INC,"['AMMONIA', 'COPPER', 'DIOXIN AND DIOXIN-LIKE COMPOUNDS', 'HYDROCHLORIC ACID (1995 AND AFTER ACID AEROSOLS"" ONLY)""', 'HYDROGEN FLUORIDE', 'LEAD']",4
15,REYNOLDS METALS CO ST LAWRENCE REDUCTION PLANT,138,0.472654183857,0.0228242541706,0.605263157895,0.065996573831,13662RYNLDSOUTH,331313,ALCOA INC,"['BENZENE', 'BENZO(G,H,I)PERYLENE', 'CARBONYL SULFIDE', 'DINITROTOLUENE (MIXED ISOMERS)', 'DIOXIN AND DIOXIN-LIKE COMPOUNDS', 'HYDROGEN FLUORIDE', 'LEAD COMPOUNDS', 'POLYCYCLIC AROMATIC COMPOUNDS']",3
16,RED-ROCHESTER LLC - EASTMAN BUSINESS PARK,136,0.479738562092,0.0241925312179,0.593548387097,0.0426595528179,1461WRDRCH12RID,221112,RECYCLED ENERGY DEVELOPMENT LLC,"['BARIUM COMPOUNDS', 'DIOXIN AND DIOXIN-LIKE COMPOUNDS', 'HYDROCHLORIC ACID (1995 AND AFTER ACID AEROSOLS"" ONLY)""', 'LEAD COMPOUNDS', 'MERCURY COMPOUNDS', 'POLYCYCLIC AROMATIC COMPOUNDS', 'SULFURIC ACID (1994 AND AFTER ACID AEROSOLS"" ONLY)""']",0
17,BUCKEYE TERMINALS LLC - BRONX TERMINAL,136,0.496949891068,0.01874938995,0.60626029654,0.0712450430277,1045WHSSCR14EAS,493190,BUCKEYE TERMINALS LLC,"['1,2,4-TRIMETHYLBENZENE', 'LEAD COMPOUNDS', 'NAPHTHALENE', 'POLYCYCLIC AROMATIC COMPOUNDS']",3
18,NOVELIS CORP,133,0.400888585099,0.0342380157485,0.602291325696,0.020009494079,13126LCNRLLAKER,331315,NOVELIS CORP,"['ALUMINUM (FUME OR DUST)', 'CHLORINE', 'CHROMIUM', 'COPPER', 'DIOXIN AND DIOXIN-LIKE COMPOUNDS', 'HYDROCHLORIC ACID (1995 AND AFTER ACID AEROSOLS"" ONLY)""', 'LEAD', 'MANGANESE']",4
19,HADCO (SANMINA) CORP - OWEGO DIV,133,0.353953064479,0.0337380580732,0.603278688525,0.0278136420347,13827HDCCRBODLE,334412,SANMINA CORP,"['AMMONIA', 'CERTAIN GLYCOL ETHERS', 'COPPER COMPOUNDS', 'FORMALDEHYDE', 'HYDROCHLORIC ACID (1995 AND AFTER ACID AEROSOLS"" ONLY)""', 'LEAD COMPOUNDS', 'NICKEL COMPOUNDS', 'NITRIC ACID', 'SULFURIC ACID (1994 AND AFTER ACID AEROSOLS"" ONLY)""']",0
20,US DOE BROOKHAVEN NATIONAL LABORATORY,132,0.549271339348,0.0265802621731,0.59837398374,0.0392761208136,11973SDBRK53BEL,541712,US DEPARTMENT OF ENERGY,"['BENZO(G,H,I)PERYLENE', 'LEAD', 'MERCURY', 'POLYCYCLIC AROMATIC COMPOUNDS']",3
21,UNITED RIVERHEAD TERMINAL INC,130,0.564698867024,0.019837248696,0.601307189542,0.181466386927,11901TSCCR212SO,424710,UNITED REFINING CORP,"['1,2,4-TRIMETHYLBENZENE', 'BENZENE', 'ETHYLBENZENE', 'HYDROGEN SULFIDE', 'N-HEXANE', 'NAPHTHALENE', 'POLYCYCLIC AROMATIC COMPOUNDS', 'TOLUENE', 'XYLENE (MIXED ISOMERS)']",1
22,GM COMPONENTS HOLDINGS LLC,129,0.423934108527,0.0306024111786,0.599348534202,0.0343228682917,14094GNRLM200UP,336390,GENERAL MOTORS LLC,"['1,2,4-TRIMETHYLBENZENE', 'CHROMIUM', 'COPPER', 'LEAD', 'MANGANESE', 'NICKEL']",4
23,GM COMPONENTS HOLDINGS LLC,129,0.423934108527,0.0306024111786,0.599348534202,0.0343228682917,14603GNRLM1000L,336310,GENERAL MOTORS LLC,"['1,2,4-TRIMETHYLBENZENE', 'CHROMIUM', 'COPPER', 'LEAD', 'MANGANESE', 'NICKEL']",4
24,GLOBAL COS LLC NORTH TERMINAL,128,0.57874015748,0.0191195923687,0.599348534202,0.180897983887,12553WRXTRRIVER,424710,GLOBAL COS LLC,"['1,2,4-TRIMETHYLBENZENE', 'BENZENE', 'ETHYLBENZENE', 'N-HEXANE', 'NAPHTHALENE', 'POLYCYCLIC AROMATIC COMPOUNDS', 'TOLUENE', 'XYLENE (MIXED ISOMERS)']",1
25,SUNOCO PARTNERS MKT & TERM - SYRACUSE (TED PARK) TERMINAL,128,0.57874015748,0.0225069728141,0.599348534202,0.191900666725,13164MBLLS6700H,493190,SUNOCO PARTNERS MARKETING & TERMINALS LP,"['1,2,4-TRIMETHYLBENZENE', 'BENZENE', 'BENZO(G,H,I)PERYLENE', 'ETHYLBENZENE', 'N-HEXANE', 'NAPHTHALENE', 'POLYCYCLIC AROMATIC COMPOUNDS', 'TOLUENE', 'XYLENE (MIXED ISOMERS)']",1
26,GRIFFITH ENERGY - BIG FLATS,128,0.57874015748,0.0231073181989,0.599348534202,0.204680963455,14814GRFFTSTATE,424710,SUPERIOR PLUS ENERGY SERVICES INC.,"['1,2,4-TRIMETHYLBENZENE', 'BENZENE', 'BENZO(G,H,I)PERYLENE', 'CUMENE', 'CYCLOHEXANE', 'ETHYLBENZENE', 'METHYL TERT-BUTYL ETHER', 'N-HEXANE', 'NAPHTHALENE', 'POLYCYCLIC AROMATIC COMPOUNDS', 'TOLUENE', 'XYLENE (MIXED ISOMERS)']",1
27,MOHAWK - MARCY TERMINAL,128,0.57874015748,0.0227106827739,0.599348534202,0.197288132628,13403MHWKV9678R,424710,SUPERIOR PLUS ENERGY SERVICES INC.,"['1,2,4-TRIMETHYLBENZENE', 'BENZENE', 'BENZO(G,H,I)PERYLENE', 'CYCLOHEXANE', 'ETHYLBENZENE', 'N-HEXANE', 'NAPHTHALENE', 'POLYCYCLIC AROMATIC COMPOUNDS', 'TOLUENE', 'XYLENE (MIXED ISOMERS)']",1
28,GRIFFITH ENERGY - ROCHESTER TERMINAL,128,0.57874015748,0.0231073181989,0.599348534202,0.204680963455,14611GRFFT27533,424710,SUPERIOR PLUS ENERGY SERVICES INC.,"['1,2,4-TRIMETHYLBENZENE', 'BENZENE', 'BENZO(G,H,I)PERYLENE', 'CUMENE', 'CYCLOHEXANE', 'ETHYLBENZENE', 'METHYL TERT-BUTYL ETHER', 'N-HEXANE', 'NAPHTHALENE', 'POLYCYCLIC AROMATIC COMPOUNDS', 'TOLUENE', 'XYLENE (MIXED ISOMERS)']",1
29,BUCKEYE ROCHESTER WEST TERMINAL,127,0.583177102862,0.02105408476,0.59837398374,0.172474904829,14606MRDHS1975L,493190,BUCKEYE ROCHESTER TERMINAL LLC,"['1,2,4-TRIMETHYLBENZENE', 'BENZENE', 'BENZO(G,H,I)PERYLENE', 'ETHYLBENZENE', 'N-HEXANE', 'POLYCYCLIC AROMATIC COMPOUNDS', 'TOLUENE', 'XYLENE (MIXED ISOMERS)']",1
30,UNITED METRO ENERGY CORP,127,0.583177102862,0.017638207351,0.59837398374,0.161328112984,11222MTRTR498KI,424710,,"['1,2,4-TRIMETHYLBENZENE', 'BENZENE', 'ETHYLBENZENE', 'N-HEXANE', 'POLYCYCLIC AROMATIC COMPOUNDS', 'TOLUENE', 'XYLENE (MIXED ISOMERS)']",1
31,KEYMARK CORP,125,0.418451612903,0.0292145623256,0.597402597403,0.114353351198,12068KYMRKRTE33,331314,KEYMARK CORP,"['1,2,4-TRIMETHYLBENZENE', 'CERTAIN GLYCOL ETHERS', 'CHROMIUM COMPOUNDS(EXCEPT CHROMITE ORE MINED IN THE TRANSVAAL REGION)', 'DIMETHYL PHTHALATE', 'ETHYLBENZENE', 'HYDROGEN FLUORIDE', 'N-BUTYL ALCOHOL', 'NITRATE COMPOUNDS', 'SODIUM NITRITE', 'SULFURIC ACID (1994 AND AFTER ACID AEROSOLS"" ONLY)""', 'TOLUENE', 'XYLENE (MIXED ISOMERS)']",1
32,SOMERSET OPERATING CO LLC,125,0.375483870968,0.0337261193567,0.595469255663,0.0347297408665,14012SSMRS7725L,221112,"UPSTATE NEW YORK POWER PRODUCERS,INC.","['AMMONIA', 'ARSENIC COMPOUNDS', 'BARIUM COMPOUNDS', 'CHROMIUM COMPOUNDS(EXCEPT CHROMITE ORE MINED IN THE TRANSVAAL REGION)', 'COPPER COMPOUNDS', 'DIOXIN AND DIOXIN-LIKE COMPOUNDS', 'HYDROCHLORIC ACID (1995 AND AFTER ACID AEROSOLS"" ONLY)""', 'HYDROGEN FLUORIDE', 'LEAD COMPOUNDS', 'MANGANESE COMPOUNDS', 'MERCURY COMPOUNDS', 'NICKEL COMPOUNDS', 'SULFURIC ACID (1994 AND AFTER ACID AEROSOLS"" ONLY)""', 'VANADIUM COMPOUNDS', 'ZINC COMPOUNDS']",0
33,I3 ELECTRONICS INC,125,0.452387096774,0.0217100505072,0.597402597403,0.0442645095423,13760NDCTT1701N,334412,,"['CERTAIN GLYCOL ETHERS', 'COPPER COMPOUNDS', 'LEAD COMPOUNDS', 'SULFURIC ACID (1994 AND AFTER ACID AEROSOLS"" ONLY)""', 'TOLUENE']",0
34,GLOBE METALLURGICAL INC,122,0.544641647473,0.019241179082,0.576802507837,0.0443090389283,14305SKWLL3801H,331110,GLOBE SPECIALTY METALS INC,"['BENZO(G,H,I)PERYLENE', 'LEAD COMPOUNDS', 'POLYCYCLIC AROMATIC COMPOUNDS', 'SULFURIC ACID (1994 AND AFTER ACID AEROSOLS"" ONLY)""']",3
35,GOODYEAR DUNLOP TIRE NA LTD,121,0.54132231405,0.0171916687943,0.585055643879,0.0304312139214,14240DNLPT10SHE,326211,THE GOODYEAR TIRE & RUBBER CO,"['COBALT COMPOUNDS', 'LEAD COMPOUNDS', 'POLYCYCLIC AROMATIC COMPOUNDS', 'ZINC COMPOUNDS']",0
36,DU PONT NIAGARA FALLS PLANT,120,0.548179271709,0.0169803536002,0.576802507837,0.0319980796293,14302DPNTNBUFFA,325180,E I DU PONT DE NEMOURS & CO,"['BARIUM COMPOUNDS', 'CHLORINE', 'LEAD COMPOUNDS', 'POLYCYCLIC AROMATIC COMPOUNDS']",0
37,GRIFFITH ENERGY - PALMYRA,120,0.618767507003,0.012473691215,0.591639871383,0.078746345799,14522GRFFT3849R,424710,SUPERIOR PLUS ENERGY SERVICES INC.,"['POLYCYCLIC AROMATIC COMPOUNDS', 'TOLUENE', 'XYLENE (MIXED ISOMERS)']",1
38,GRIFFITH ENERGY - WATERTOWN,120,0.618767507003,0.012473691215,0.591639871383,0.078746345799,13601GRFFT21822,424710,SUPERIOR PLUS ENERGY SERVICES INC.,"['POLYCYCLIC AROMATIC COMPOUNDS', 'TOLUENE', 'XYLENE (MIXED ISOMERS)']",1
39,GRIFFITH ENERGY - LODI,120,0.618767507003,0.012473691215,0.591639871383,0.078746345799,14860GRFFT8571R,424710,SUPERIOR PLUS ENERGY SERVICES INC.,"['POLYCYCLIC AROMATIC COMPOUNDS', 'TOLUENE', 'XYLENE (MIXED ISOMERS)']",1
40,SABIN METAL CORP,119,0.47343683236,0.0252727165745,0.5888,0.0144721032317,14546SBNMT1647W,331492,SABIN METAL CORP,"['AMMONIA', 'HYDROCHLORIC ACID (1995 AND AFTER ACID AEROSOLS"" ONLY)""', 'LEAD', 'NITRATE COMPOUNDS']",4
41,CAYUGA OPERATING CO LLC,111,0.437674037674,0.0246383052065,0.573208722741,0.0300040402558,14882SCYGL228MI,221112,"UPSTATE NEW YORK POWER PRODUCERS,INC.","['AMMONIA', 'BARIUM COMPOUNDS', 'DIOXIN AND DIOXIN-LIKE COMPOUNDS', 'FORMIC ACID', 'HYDROCHLORIC ACID (1995 AND AFTER ACID AEROSOLS"" ONLY)""', 'HYDROGEN FLUORIDE', 'LEAD COMPOUNDS', 'MANGANESE COMPOUNDS', 'MERCURY COMPOUNDS', 'SULFURIC ACID (1994 AND AFTER ACID AEROSOLS"" ONLY)""', 'VANADIUM COMPOUNDS']",0
42,DUREZ NIAGARA,108,0.444963655244,0.0277574921128,0.580441640379,0.0765975003668,14304BTLSP5000P,325211,DUREZ CORP,"['ALLYL CHLORIDE', 'AMMONIA', 'CRESOL (MIXED ISOMERS)', 'ETHYLBENZENE', 'FORMALDEHYDE', 'METHANOL', 'METHYL ISOBUTYL KETONE', 'N-BUTYL ALCOHOL', 'O-CRESOL', 'O-XYLENE', 'PHENOL', 'TRIETHYLAMINE', 'XYLENE (MIXED ISOMERS)']",1
43,EASTERN ALLOYS INC,106,0.517699910153,0.0204972349578,0.577708006279,0.010991554542,12543STRNLHENRY,331492,EASTERN ALLOYS INC,"['COPPER', 'LEAD', 'ZINC (FUME OR DUST)', 'ZINC COMPOUNDS']",4
44,SABIC INNOVATIVE PLASTICS US LLC,104,0.435212845407,0.0244824051404,0.576802507837,0.0446862241124,12158GNRLLNORYL,325211,SABIC US HOLDINGS LP,"['2,4-DIMETHYLPHENOL', 'ANTIMONY COMPOUNDS', 'COPPER COMPOUNDS', 'CRESOL (MIXED ISOMERS)', 'METHANOL', 'PHENOL', 'STYRENE', 'TOLUENE', 'ZINC COMPOUNDS']",1
45,MORTON SALT,101,0.569306930693,0.0202242275481,0.57231726283,0.013684336956,14550MRTNS45RIB,311942,MORTON SALT INC,"['HYDROCHLORIC ACID (1995 AND AFTER ACID AEROSOLS"" ONLY)""', 'LEAD', 'MERCURY', 'SULFURIC ACID (1994 AND AFTER ACID AEROSOLS"" ONLY)""']",4
46,VANDEMARK CHEMICAL INC,101,0.518811881188,0.0190210901008,0.574102964119,0.0693389409044,14094VNDMR1NORT,325199,,"['CHLORINE', 'CHLOROBENZENE', 'DICHLOROMETHANE', 'HYDROCHLORIC ACID (1995 AND AFTER ACID AEROSOLS"" ONLY)""', 'N,N-DIMETHYLFORMAMIDE', 'PHOSGENE', 'PROPARGYL ALCOHOL', 'TOLUENE', 'XYLENE (MIXED ISOMERS)']",1
47,CONSOLIDATED EDISON CO OF NEW YORK - EAST RIVER FACILITY,99,0.644403215832,0.0141123742566,0.556732223903,0.0377954703367,10009CNSLD801E1,221112,,"['AMMONIA', 'BENZO(G,H,I)PERYLENE', 'POLYCYCLIC AROMATIC COMPOUNDS']",3
48,TRANSCANADA RAVENSWOOD POWER STATION,99,0.644403215832,0.0141123742566,0.556732223903,0.0377954703367,11101CNSLD3854V,221112,TRANSCANADA LTD,"['AMMONIA', 'BENZO(G,H,I)PERYLENE', 'POLYCYCLIC AROMATIC COMPOUNDS']",3
49,NATIONAL GRID  PORT JEFFERSON POWER STATION,99,0.644403215832,0.0141123742566,0.556732223903,0.0377954703367,11777PRTJFBEECH,221112,NATIONAL GRID USA,"['AMMONIA', 'BENZO(G,H,I)PERYLENE', 'POLYCYCLIC AROMATIC COMPOUNDS']",3
50,BUCKEYE TERMINALS LLC - ROSETON TERMINAL,99,0.682951968666,0.0114073501674,0.571428571429,0.0849057861389,12550MRDHS590RI,493190,BUCKEYE TERMINALS LLC,"['1,2,4-TRIMETHYLBENZENE', 'N-HEXANE', 'NAPHTHALENE', 'POLYCYCLIC AROMATIC COMPOUNDS']",1
51,GOULDS PUMPS ADMINISTRATION INC,96,0.482675438596,0.0221495148587,0.568778979907,0.0353430957719,13148GLDSP240FA,333911,ITT CORP,"['CHROMIUM', 'COPPER', 'MANGANESE', 'NICKEL', 'TOLUENE']",4
52,METALLIZED CARBON CORP,96,0.64298245614,0.0125090144495,0.563552833078,0.0243117131137,10562MTLLZ19SOU,339999,,"['ANTIMONY', 'COPPER', 'POLYCYCLIC AROMATIC COMPOUNDS']",3
53,GENERAL ELECTRIC CO CPQP,96,0.610745614035,0.0178167547042,0.563552833078,0.00969448785803,12328GNRLL381UP,335999,GENERAL ELECTRIC CO (GE CO),"['CHROMIUM', 'COPPER', 'LEAD']",4
54,SI GROUP INC,96,0.452850877193,0.0271673103001,0.568778979907,0.0753175263611,12150SCHNC1000M,325211,SI GROUP INC,"['CERTAIN GLYCOL ETHERS', 'ETHYLBENZENE', 'FORMALDEHYDE', 'M-CRESOL', 'METHANOL', 'METHYL ISOBUTYL KETONE', 'N-BUTYL ALCOHOL', 'O-CRESOL', 'P-CRESOL', 'PHENOL', 'STYRENE', 'XYLENE (MIXED ISOMERS)']",1
55,GLOBALFOUNDRIES FAB 8,96,0.394298245614,0.0267930488044,0.568778979907,0.0193351121078,1202WGLBLF4STNE,334413,GLOBALFOUNDRIES U.S. INC.,"['AMMONIA', 'ETHYLENE GLYCOL', 'FLUORINE', 'HYDROCHLORIC ACID (1995 AND AFTER ACID AEROSOLS"" ONLY)""', 'HYDROGEN FLUORIDE', 'NITRIC ACID', 'OZONE', 'SULFURIC ACID (1994 AND AFTER ACID AEROSOLS"" ONLY)""']",0
56,TONOGA INC DBA TACONIC,93,0.568957456755,0.017787583601,0.566153846154,0.0827916660707,12138TCNCPCOONB,313320,,"['ALUMINUM (FUME OR DUST)', 'COPPER', 'ETHYLBENZENE', 'TOLUENE', 'XYLENE (MIXED ISOMERS)']",1
57,LAFARGE BUILDING MATERIALS INC,91,0.547252747253,0.0155305808764,0.55421686747,0.0177969977594,12143BLCRCROUTE,327310,LAFARGE N.A. INC,"['AMMONIA', 'HYDROCHLORIC ACID (1995 AND AFTER ACID AEROSOLS"" ONLY)""', 'LEAD COMPOUNDS', 'MERCURY COMPOUNDS']",0
58,OSWEGO HARBOR POWER,89,0.7208886619,0.0109265639014,0.545994065282,0.037307590248,13126NGRMH261WA,221112,NRG ENERGY INC,"['BENZO(G,H,I)PERYLENE', 'POLYCYCLIC AROMATIC COMPOUNDS', 'SULFURIC ACID (1994 AND AFTER ACID AEROSOLS"" ONLY)""']",3
59,NOCO ENERGY CORP,89,0.643003064351,0.0193197443471,0.563552833078,0.168712772327,14150NCNRG700GR,424710,NOCO ENERGY CORP,"['1,2,4-TRIMETHYLBENZENE', 'BENZENE', 'CYCLOHEXANE', 'ETHYLBENZENE', 'ETHYLENE GLYCOL', 'N-HEXANE', 'NAPHTHALENE', 'TOLUENE', 'XYLENE (MIXED ISOMERS)']",1
60,ASTORIA GENERATING STATION,88,0.763845350052,0.00941260069853,0.55842185129,0.0542153541804,11105STRGN18012,221112,US POWER GENERATING CO,"['BENZO(G,H,I)PERYLENE', 'NAPHTHALENE', 'POLYCYCLIC AROMATIC COMPOUNDS']",3
61,KERRY BIO-SCIENCE,88,0.599007314525,0.0109254607889,0.562691131498,0.0334010422991,13815SHFFLWOODS,311514,KERRY INC.,"['AMMONIA', 'TOLUENE']",1
62,METALICO ALUMINUM RECOVERY INC,88,0.691222570533,0.0138672613312,0.556732223903,0.00924126702993,13206RTHBR6223T,331314,METALICO INC,"['ALUMINUM (FUME OR DUST)', 'COPPER', 'LEAD']",4
63,LOCKHEED MARTIN MST,88,0.548066875653,0.0168141436226,0.555891238671,0.0139496512917,13827BMSYSROUTE,334511,LOCKHEED MARTIN CORP,"['COPPER COMPOUNDS', 'HYDROCHLORIC ACID (1995 AND AFTER ACID AEROSOLS"" ONLY)""', 'LEAD COMPOUNDS', 'NITRIC ACID']",0
64,TITANX ENGINE COOLING INC,87,0.703020582732,0.01286293383,0.555891238671,0.00865782950684,14701BLCKS1111A,336390,,"['COPPER', 'LEAD']",4
65,ANOPLATE CORP,85,0.534453781513,0.0207391705625,0.55842185129,0.0101725844696,13204NPLTC459PU,332813,,"['LEAD COMPOUNDS', 'NITRATE COMPOUNDS', 'NITRIC ACID', 'TRICHLOROETHYLENE']",0
66,ROCHESTER SILVER WORKS LLC,84,0.570281124498,0.0148145876746,0.545994065282,0.0128763959007,1461WRCHST681RI,331492,,"['LEAD COMPOUNDS', 'NITRIC ACID', 'SILVER COMPOUNDS', 'SULFURIC ACID (1994 AND AFTER ACID AEROSOLS"" ONLY)""']",0
67,MOTIVA LONG ISLAND TERMINAL,83,0.68439612107,0.0183176465662,0.549253731343,0.143405354573,11559MTVNT74EAV,424710,MOTIVA ENTERPRISES LLC,"['1,2,4-TRIMETHYLBENZENE', 'BENZENE', 'ETHYLBENZENE', 'N-HEXANE', 'STYRENE', 'TOLUENE', 'XYLENE (MIXED ISOMERS)']",1
68,CUTCO CUTLERY CORP,83,0.735821334117,0.011731005542,0.540381791483,0.00673233212605,14760LCSCT1116E,332215,CUTCO CORP,"['CHROMIUM', 'LEAD']",4
69,SYRACUSE ENERGY CORP,83,0.582427270056,0.0165073844371,0.546805349183,0.0230558155581,13204FBRTK56IND,221112,GDF SUEZ ENERGY N.A.,"['BARIUM COMPOUNDS', 'DIOXIN AND DIOXIN-LIKE COMPOUNDS', 'HYDROCHLORIC ACID (1995 AND AFTER ACID AEROSOLS"" ONLY)""', 'LEAD COMPOUNDS', 'MANGANESE COMPOUNDS', 'MERCURY COMPOUNDS', 'SULFURIC ACID (1994 AND AFTER ACID AEROSOLS"" ONLY)""']",0
70,VON ROLL USA INC,82,0.68051791629,0.0216157524098,0.548435171386,0.104250803061,12306NSLTNONECA,327999,VON ROLL AG,"['1,2,4-TRIMETHYLBENZENE', 'ETHYLBENZENE', 'MALEIC ANHYDRIDE', 'STYRENE', 'TOLUENE', 'XYLENE (MIXED ISOMERS)']",1
71,INDUSTRIAL FINISHING PRODUCTS,82,0.685034628124,0.0124224050516,0.557575757576,0.0697174049726,11208NDSTR465LO,325510,INDUSTRIAL FINISHING PRODUCTS,"['METHANOL', 'METHYL ISOBUTYL KETONE', 'N-BUTYL ALCOHOL', 'TOLUENE', 'XYLENE (MIXED ISOMERS)']",1
72,SUNOCO FULTON ETHANOL PLANT,82,0.684733514002,0.0123329722486,0.559270516717,0.0673450986698,1306WSNCFL376WE,325193,SUNOCO INC,"['ACETALDEHYDE', 'FORMALDEHYDE', 'METHANOL', 'TOLUENE', 'XYLENE (MIXED ISOMERS)']",1
73,NATIONAL GRID  NORTHPORT POWER STATION,81,0.81049382716,0.00948755200474,0.537226277372,0.036692867985,11768NRTHPWATER,221112,NATIONAL GRID USA,"['BENZO(G,H,I)PERYLENE', 'DIOXIN AND DIOXIN-LIKE COMPOUNDS', 'POLYCYCLIC AROMATIC COMPOUNDS']",3
74,PRIDE SOLVENT & CHEMICAL CO OF NY INC,81,0.663580246914,0.0122587360236,0.556732223903,0.0576662005592,11742PRDSL6LONG,424690,PRIDE SOLVENTS & CHEMICAL CO,"['DICHLOROMETHANE', 'METHANOL', 'N-HEXANE', 'TOLUENE']",1
75,SCHWEITZER-MAUDUIT INTERNATIONAL INC,81,0.81049382716,0.00948755200473,0.537226277372,0.036692867985,12502SCHWT2424R,322121,SCHWEITZER-MAUDUIT INTERNATIONAL INC,"['BENZO(G,H,I)PERYLENE', 'DIOXIN AND DIOXIN-LIKE COMPOUNDS', 'POLYCYCLIC AROMATIC COMPOUNDS']",3
76,REVERE COPPER PRODUCTS INC,80,0.544303797468,0.0148022217822,0.553383458647,0.0128646674643,13440RVRCPSENEC,331420,,"['COPPER COMPOUNDS', 'LEAD COMPOUNDS', 'NICKEL', 'ZINC COMPOUNDS']",0
77,REMINGTON ARMS CO INC,79,0.58747160013,0.0123917764051,0.551724137931,0.0108423327042,13357DPNTRCLARK,332994,REMINGTON ARMS CO INC,"['COPPER', 'LEAD COMPOUNDS', 'SODIUM NITRITE']",0
78,CYTEC OLEAN INC,79,0.676728334956,0.0137258031331,0.555052790347,0.0624003132197,14760CNPNC1405B,325211,CYTEC INDUSTRIES INC,"['DIISOCYANATES', 'MERCURY COMPOUNDS', 'N-METHYL-2-PYRROLIDONE', 'TOLUENE', 'TOLUENE-2,4-DIISOCYANATE', 'XYLENE (MIXED ISOMERS)']",1
79,PEROXYCHEM LLC,78,0.642690642691,0.0108798104551,0.538799414348,0.0116728500058,14150FMCCR37SAW,325180,PEROXYCHEM LLC,"['AMMONIA', 'LEAD COMPOUNDS', 'PERACETIC ACID']",0
80,GLOBAL COS LLC SOUTH TERMINAL,78,0.79020979021,0.0120876674784,0.545185185185,0.160956634921,12550SNCNC1184R,424710,GLOBAL COS LLC,"['1,2,4-TRIMETHYLBENZENE', 'BENZENE', 'ETHYLBENZENE', 'N-HEXANE', 'NAPHTHALENE', 'TOLUENE', 'XYLENE (MIXED ISOMERS)']",1
81,GLOBAL COS LLC INWOOD TERMINAL,78,0.79020979021,0.0123424944973,0.545185185185,0.166664685092,11696MBLLN464DO,424710,GLOBAL COS LLC,"['1,2,4-TRIMETHYLBENZENE', 'BENZENE', 'CUMENE', 'ETHYLBENZENE', 'N-HEXANE', 'NAPHTHALENE', 'TOLUENE', 'XYLENE (MIXED ISOMERS)']",1
82,NORTHVILLE INDUSTRIES CORP - HOLTSVILLE TERMINAL,78,0.79020979021,0.0123371065747,0.545185185185,0.166540753481,11747TSCPP586UN,424710,NIC HOLDING CORP,"['1,2,4-TRIMETHYLBENZENE', 'BENZENE', 'CYCLOHEXANE', 'ETHYLBENZENE', 'N-HEXANE', 'NAPHTHALENE', 'TOLUENE', 'XYLENE (MIXED ISOMERS)']",1
83,GLOBAL COS LLC ALBANY TERMINAL,78,0.79020979021,0.0123424944973,0.545185185185,0.166664685092,12202MBLLL50CHU,424710,GLOBAL COS LLC,"['1,2,4-TRIMETHYLBENZENE', 'BENZENE', 'CUMENE', 'ETHYLBENZENE', 'N-HEXANE', 'NAPHTHALENE', 'TOLUENE', 'XYLENE (MIXED ISOMERS)']",1
84,BP PRODUCTS NA INC BROOKLYN TERMINAL,78,0.79020979021,0.0120876674784,0.545185185185,0.160956634921,11222MCLC0125AP,424710,BP PRODUCTS N.A. INC,"['1,2,4-TRIMETHYLBENZENE', 'BENZENE', 'ETHYLBENZENE', 'N-HEXANE', 'NAPHTHALENE', 'TOLUENE', 'XYLENE (MIXED ISOMERS)']",1
85,STOLLBERG INC,78,0.80352980353,0.00970246040565,0.536443148688,0.00720769604392,14302STLLB4111W,327999,,"['ALUMINUM (FUME OR DUST)', 'LEAD', 'LITHIUM CARBONATE', 'MANGANESE']",4
86,GLOBAL COS LLC CARGO TERMINAL,78,0.79020979021,0.0123424944973,0.545185185185,0.166664685092,12553WRXTR1096R,424710,GLOBAL COS LLC,"['1,2,4-TRIMETHYLBENZENE', 'BENZENE', 'CUMENE', 'ETHYLBENZENE', 'N-HEXANE', 'NAPHTHALENE', 'PROPYLENE', 'TOLUENE', 'XYLENE (MIXED ISOMERS)']",1
87,GLOBAL COS LLC NEWBURGH TERMINAL,78,0.79020979021,0.0123424944973,0.545185185185,0.166664685092,12553MBLLN1281R,424710,GLOBAL COS LLC,"['1,2,4-TRIMETHYLBENZENE', 'BENZENE', 'CUMENE', 'ETHYLBENZENE', 'N-HEXANE', 'NAPHTHALENE', 'TOLUENE', 'XYLENE (MIXED ISOMERS)']",1
88,ROSS VALVE MANUFACTURING CO INC,77,0.604237867396,0.0120530814343,0.550074738416,0.0102595483923,12181RSSVL6OAKW,332919,,"['COPPER', 'LEAD COMPOUNDS']",0
89,POLYSET CO INC,77,0.858168147642,0.00819733041849,0.547619047619,0.0237214341384,12118PLYSTUPPER,325520,,"['DICHLOROMETHANE', 'POLYCYCLIC AROMATIC COMPOUNDS']",3
90,ALLIED AVIATION SERVICE CO OF NEW YORK INC,77,0.798701298701,0.0110129394919,0.544378698225,0.14107945202,11371GDNVTLAGUA,424710,ALLIED AVIATION HOLDING CO,"['1,2,4-TRIMETHYLBENZENE', 'BENZENE', 'ETHYLBENZENE', 'NAPHTHALENE', 'TOLUENE', 'XYLENE (MIXED ISOMERS)']",1
91,DUNKIRK SPECIALTY STEEL LLC,76,0.427719298246,0.0229048133981,0.550898203593,0.010646878565,14048DNKRK88HOW,331221,UNIVERSAL STAINLESS & ALLOY PRODUCTS INC,"['CHROMIUM', 'COPPER', 'HYDROGEN FLUORIDE', 'MANGANESE', 'NICKEL', 'NITRIC ACID']",4
92,RAYMOND CORP,75,0.853333333333,0.00846759799361,0.534107402032,0.00661439359215,13778THRYMWHEEL,333924,THE RAYMOND CORP,"['LEAD', 'MANGANESE']",4
93,GLOBAL COS LLC GLENWOOD LANDING TERMINAL,75,0.820540540541,0.0105325998328,0.542772861357,0.139688723401,11547MBLLGSHORE,424710,GLOBAL COS LLC,"['BENZENE', 'ETHYLBENZENE', 'N-HEXANE', 'NAPHTHALENE', 'TOLUENE', 'XYLENE (MIXED ISOMERS)']",1
94,ARCH CHEMICALS INC,75,0.391711711712,0.0179405455962,0.550898203593,0.0126268736862,14611LNCRP100MC,325199,LONZA,"['3-IODO-2-PROPYNYL BUTYLCARBAMATE', 'CHLORINE', 'METHANOL', 'NITRIC ACID', 'PYRIDINE', 'ZINC COMPOUNDS']",0
95,APEX TOOL GROUP LLC - CORTLAND NY OPERATION,75,0.853333333333,0.0084675979936,0.534107402032,0.00661439359215,13045BRWRT45CLE,332111,APEX TOOL GROUP LLC,"['LEAD', 'MANGANESE']",4
96,HUNTLEY GENERATING STATION,75,0.650810810811,0.0123538266126,0.538799414348,0.0177042437382,14150CRHNT3500R,221112,NRG ENERGY INC,"['BARIUM COMPOUNDS', 'HYDROCHLORIC ACID (1995 AND AFTER ACID AEROSOLS"" ONLY)""', 'HYDROGEN FLUORIDE', 'LEAD COMPOUNDS', 'MERCURY COMPOUNDS']",0
97,AMRI RENSSELAER INC,72,0.741392801252,0.00913401582551,0.549253731343,0.0389368590317,12144STRLN33RIV,325412,,"['METHANOL', 'N,N-DIMETHYLFORMAMIDE', 'N-METHYL-2-PYRROLIDONE', 'TOLUENE']",1
98,NUCOR STEEL AUBURN INC,72,0.62441314554,0.016179865793,0.541176470588,0.0161206208413,13021BRNSTQUARR,331110,NUCOR CORP,"['CHROMIUM COMPOUNDS(EXCEPT CHROMITE ORE MINED IN THE TRANSVAAL REGION)', 'COPPER COMPOUNDS', 'LEAD COMPOUNDS', 'MANGANESE COMPOUNDS', 'MERCURY COMPOUNDS', 'NICKEL COMPOUNDS', 'ZINC COMPOUNDS']",0
99,CHEMPRENE INC,72,0.674100156495,0.0138904306026,0.549253731343,0.0310052408633,12508WTCCH570FI,326220,AMMERAAL BELTECH,"['DI(2-ETHYLHEXYL) PHTHALATE', 'TOLUENE', 'ZINC COMPOUNDS']",1
100,INDIUM CORP OF AMERICA,71,0.918712273642,0.0116297991864,0.531024531025,0.00569654562593,13502THNDM1676L,325998,INDIUM CORP OF AMERICA,"['LEAD', 'SILVER']",4
101,INDIUM CORP OF AMERICA,71,0.918712273642,0.0116297991864,0.531024531025,0.00569654562593,1350WNDMCR111BU,332999,INDIUM CORP OF AMERICA,"['LEAD', 'SILVER']",4
102,INDIUM CORP OF AMERICA,71,0.918712273642,0.0116297991864,0.531024531025,0.00569654562593,13323NDMCR23ROB,332999,INDIUM CORP OF AMERICA,"['LEAD', 'SILVER']",4
103,GRIFFITH ENERGY - PLATTSBURGH,70,1.0,0.00440466321914,0.524964336662,0.0214063693628,12901GRFFT4736R,424710,SUPERIOR PLUS ENERGY SERVICES INC.,['POLYCYCLIC AROMATIC COMPOUNDS'],3
104,KING ROAD MATERIALS CORDELL ROAD FACILITY,70,1.0,0.00636795772692,0.524964336662,0.033556330231,12303KNGRD145CO,324121,OLDCASTLE INC,"['BENZO(G,H,I)PERYLENE', 'POLYCYCLIC AROMATIC COMPOUNDS']",3
105,METAULLICS SYSTEMS A DIV OF PYROTEK-INC,70,1.0,0.00636795772692,0.524964336662,0.033556330231,1413WMTLLC24CRY,335991,PYROTEK INC,"['BENZO(G,H,I)PERYLENE', 'POLYCYCLIC AROMATIC COMPOUNDS']",3
106,BOWLINE POINT GENERATING STATION,70,1.0,0.00636795772692,0.524964336662,0.033556330231,10993BWLNPSAMSO,221112,NRG ENERGY INC,"['BENZO(G,H,I)PERYLENE', 'POLYCYCLIC AROMATIC COMPOUNDS']",3
107,DOLOMITE PRODUCTS INC PENFIELD FACILITY,70,1.0,0.00636795772692,0.524964336662,0.033556330231,1452WPNFLD746WH,212312,OLDCASTLE MATERIALS INC,"['BENZO(G,H,I)PERYLENE', 'POLYCYCLIC AROMATIC COMPOUNDS']",3
108,FLUSHING ASPHALT LLC,70,1.0,0.00440466321914,0.524964336662,0.0214063693628,11354FLSHN12131,324121,,['POLYCYCLIC AROMATIC COMPOUNDS'],3
109,FIBERMARK NA INC,70,1.0,0.00440466321914,0.524964336662,0.0214063693628,13367BSCSC5592B,322299,FIBERMARK N.A. INC,['POLYCYCLIC AROMATIC COMPOUNDS'],3
110,FIBERMARK NA INC,70,1.0,0.00440466321914,0.524964336662,0.0214063693628,13615FBRMRBRIDG,322121,FIBERMARK N.A. INC,['POLYCYCLIC AROMATIC COMPOUNDS'],3
111,DOLOMITE PRODUCTS INC GATES FACILITY,70,1.0,0.00636795772692,0.524964336662,0.033556330231,1462WGTSFC185BU,212312,OLDCASTLE MATERIALS INC,"['BENZO(G,H,I)PERYLENE', 'POLYCYCLIC AROMATIC COMPOUNDS']",3
112,GRIFFITH ENERGY - ALBION,70,1.0,0.00440466321914,0.524964336662,0.0214063693628,14411GRFFT3819A,424710,SUPERIOR PLUS ENERGY SERVICES INC.,['POLYCYCLIC AROMATIC COMPOUNDS'],3
113,KENNEDY VALVE,70,0.648447204969,0.0148216411368,0.538011695906,0.0137323668635,14901KNNDY1021E,331511,MCWANE INC,"['CHROMIUM COMPOUNDS(EXCEPT CHROMITE ORE MINED IN THE TRANSVAAL REGION)', 'COPPER COMPOUNDS', 'LEAD COMPOUNDS', 'MANGANESE COMPOUNDS', 'NICKEL COMPOUNDS', 'ZINC COMPOUNDS']",0
114,JAMESVILLE MIX PLANT,70,1.0,0.00636795772692,0.524964336662,0.033556330231,13078JMSVL48SLV,324121,BARRETT INDUSTRIES CORP,"['BENZO(G,H,I)PERYLENE', 'POLYCYCLIC AROMATIC COMPOUNDS']",3
115,STRATHMORE PRODUCTS INC,70,0.812836438923,0.00782332826139,0.538799414348,0.0621282984941,13088STRTHBURRD,325510,,"['N-BUTYL ALCOHOL', 'TOLUENE', 'XYLENE (MIXED ISOMERS)', 'ZINC (FUME OR DUST)']",1
116,SUIT-KOTE JAMESTOWN,70,1.0,0.00636795772692,0.524964336662,0.033556330231,14701STKTC57LIS,324121,SUIT-KOTE CORP,"['BENZO(G,H,I)PERYLENE', 'POLYCYCLIC AROMATIC COMPOUNDS']",3
117,GRIFFITH ENERGY - WAYLAND,70,1.0,0.00440466321914,0.524964336662,0.0214063693628,14572GRFFT119MA,424710,SUPERIOR PLUS ENERGY SERVICES INC.,['POLYCYCLIC AROMATIC COMPOUNDS'],3
118,NATIONAL GRID EF BARRETT POWER STATION,70,1.0,0.00440466321914,0.524964336662,0.0214063693628,11558FBRRTMCCAR,221112,NATIONAL GRID USA,['POLYCYCLIC AROMATIC COMPOUNDS'],3
119,CENTRAL ASPHALT,70,1.0,0.00636795772692,0.524964336662,0.033556330231,14891CNTRL20FAI,324121,SUIT-KOTE CORP,"['BENZO(G,H,I)PERYLENE', 'POLYCYCLIC AROMATIC COMPOUNDS']",3
120,GRIFFITH ENERGY - PORT HENRY,70,1.0,0.00440466321914,0.524964336662,0.0214063693628,1297WGRFFT24DCK,424710,SUPERIOR PLUS ENERGU SERVICES INC.,['POLYCYCLIC AROMATIC COMPOUNDS'],3
121,DOLOMITE PRODUCTS INC MANCHESTER FACILITY,70,1.0,0.00636795772692,0.524964336662,0.033556330231,1443WMNCHS1719L,212312,OLDCASTLE MATERIALS INC,"['BENZO(G,H,I)PERYLENE', 'POLYCYCLIC AROMATIC COMPOUNDS']",3
122,CORTLAND ASPHALT PRODUCTS,70,1.0,0.00636795772692,0.524964336662,0.033556330231,13045CRTLN1911L,324121,SUIT-KOTE CORP,"['BENZO(G,H,I)PERYLENE', 'POLYCYCLIC AROMATIC COMPOUNDS']",3
123,LITCHFIELD MIX PLANT,70,1.0,0.00636795772692,0.524964336662,0.033556330231,1349WLTCHF363RA,324121,BARRETT INDUSTRIES CORP,"['BENZO(G,H,I)PERYLENE', 'POLYCYCLIC AROMATIC COMPOUNDS']",3
124,GRIFFITH ENERGY - OLEAN,70,1.0,0.00440466321914,0.524964336662,0.0214063693628,14760GRFFT1650E,424710,SUPERIOR PLUS ENERGY SERVICES INC.,['POLYCYCLIC AROMATIC COMPOUNDS'],3
125,POLKVILLE CRUSHED STONE/SUIT-KOTE TERMINAL,70,1.0,0.00636795772692,0.524964336662,0.033556330231,13101PLKVLRT11R,324121,SUIT-KOTE CORP,"['BENZO(G,H,I)PERYLENE', 'POLYCYCLIC AROMATIC COMPOUNDS']",3
126,RCA ASPHALT LLC,70,1.0,0.00440466321914,0.524964336662,0.0214063693628,10550RCSPH7EDIS,324121,,['POLYCYCLIC AROMATIC COMPOUNDS'],3
127,DOLOMITE PRODUCTS INCWALWORTH FACILITY,70,1.0,0.00636795772692,0.524964336662,0.033556330231,1456WWLWRT12ATL,212312,OLDCASTLE MATERIALS INC,"['BENZO(G,H,I)PERYLENE', 'POLYCYCLIC AROMATIC COMPOUNDS']",3
128,CALLANAN INDUSTRIES INC SOUTH BETHLEHEM FACILITY,70,1.0,0.00440466321914,0.524964336662,0.0214063693628,1216WCLLNN1SUTH,324121,OLDCASTLE INC,['POLYCYCLIC AROMATIC COMPOUNDS'],3
129,CANAL ASPHALT INC,70,1.0,0.00440466321914,0.524964336662,0.0214063693628,10550CNLSP800CA,324121,,['POLYCYCLIC AROMATIC COMPOUNDS'],3
130,BAYSWATER PEAKING FACILITY LL C,70,1.0,0.00440466321914,0.524964336662,0.0214063693628,11691BYSWT1425B,221112,NEXTERA ENERGY INC,['POLYCYCLIC AROMATIC COMPOUNDS'],3
131,NORWOOD MIX PLANT,70,1.0,0.00636795772692,0.524964336662,0.033556330231,1366WNRWDM7971S,324121,BARRETT INDUSTRIES CORP,"['BENZO(G,H,I)PERYLENE', 'POLYCYCLIC AROMATIC COMPOUNDS']",3
132,GRIFFITH ENERGY - LOWVILLE,70,1.0,0.00440466321914,0.524964336662,0.0214063693628,13367GRFFT77FRE,424710,SUPERIOR PLUS ENERGY SERCICES INC.,['POLYCYCLIC AROMATIC COMPOUNDS'],3
133,GRIFFITH ENERGY - POTSDAM,70,1.0,0.00440466321914,0.524964336662,0.0214063693628,13676GRFFT7554U,424710,SUPERIOR PLUS ENERGU SERVICES INC.,['POLYCYCLIC AROMATIC COMPOUNDS'],3
134,MIDLAND ASPHALT MATERIALS INC,70,1.0,0.00636795772692,0.524964336662,0.033556330231,1415WMDLND64YUN,324121,BARRETT INDUSTRIES CORP,"['BENZO(G,H,I)PERYLENE', 'POLYCYCLIC AROMATIC COMPOUNDS']",3
135,MIDLAND ASPHALT MATERIALS INC,70,1.0,0.00636795772692,0.524964336662,0.033556330231,1448WMDLND3CLER,324121,BARRETT INDUSTRIES CORP,"['BENZO(G,H,I)PERYLENE', 'POLYCYCLIC AROMATIC COMPOUNDS']",3
136,GRIFFITH ENERGY - PEARL CREEK,70,1.0,0.00440466321914,0.524964336662,0.0214063693628,14591GRFFT583PA,424710,SUPERIOR PLUS ENERGY SERVICES INC.,['POLYCYCLIC AROMATIC COMPOUNDS'],3
137,NORTH COUNTRY DAIRY LLC,70,1.0,0.00636795772692,0.524964336662,0.033556330231,12967KRFTNWILLI,311511,UPSTATE NIAGARA COOPERATIVE INC.,"['BENZO(G,H,I)PERYLENE', 'POLYCYCLIC AROMATIC COMPOUNDS']",3
138,HP HOOD LLC,70,1.0,0.00440466321914,0.524964336662,0.0214063693628,13656CRWLYTHERE,311513,HP HOOD LLC,['POLYCYCLIC AROMATIC COMPOUNDS'],3
139,CRUCIBLE INDUSTRIES LLC,69,0.449701619778,0.0208382218058,0.543574593796,0.0080415669091,13209CRCBLSTATE,331110,CRUCIBLE INDUSTRIES LLC,"['CHROMIUM', 'COBALT', 'COPPER', 'MANGANESE', 'NICKEL', 'NITRIC ACID']",4
140,AMETEK POWER INSTRUMENTS,68,1.0,0.00499638117175,0.528735632184,0.00567618012895,14605MTKPW255NU,334513,AMETEK INC,['LEAD'],4
141,AMETEK ROTRON,68,1.0,0.00499638117175,0.528735632184,0.00567618012895,12498GGRTR7HASB,333413,AMETEK INC,['LEAD'],4
142,M S KENNEDY CORP,68,1.0,0.00499638117175,0.528735632184,0.00567618012895,13088DLXCH4707D,334418,ANAREN INC,['LEAD'],4
143,OMEGA WIRE INC- PLANT 1,68,1.0,0.00499638117175,0.528735632184,0.00567618012895,13316CMDNW12MAS,331420,OMEGA WIRE INC,['LEAD'],4
144,AMERICAN PRECISION INDUSTRIES DELEVAN DIV,68,1.0,0.00499638117175,0.528735632184,0.00567618012895,14052MRCNP270QU,334416,DANAHER CORP,['LEAD'],4
145,PARKER HANNIFIN CORP FLUID SYSTEMS DIV,68,1.0,0.00499638117175,0.528735632184,0.00567618012895,11787GLLLC300MA,336413,PARKER HANNIFIN CORP,['LEAD'],4
146,IEH CORP,68,1.0,0.00499638117176,0.528735632184,0.00567618012895,11220HCRPX1458T,334417,,['LEAD'],4
147,KIMBLE CHASE LIFE SCIENCE & RESEARCH PRODUCTS LLC,68,1.0,0.00566376216968,0.528735632184,0.00610085009503,14616FSHRS140BE,327215,GERRESHEIMER GLASS INC,"['LEAD', 'MERCURY']",4
148,TRW AUTOMOTIVE AUBURN,68,1.0,0.00499638117175,0.528735632184,0.00567618012895,13021WCKSM1WICK,336320,TRW AUTOMOTIVE INC.,['LEAD'],4
149,CALLANAN INDUSTRIES INC ORISKANY FACILITY,68,1.0,0.00499638117175,0.528735632184,0.00567618012895,13424CLLNN8473S,327320,OLDCASTLE INC,['LEAD'],4
150,ASTEELFLASH US EAST CORP,68,1.0,0.00499638117175,0.528735632184,0.00567618012895,13827HRVRD941RT,334418,ASTEELFLASH GROUP,['LEAD'],4
151,IMERYS FUSED MINERALS,68,1.0,0.00499638117175,0.528735632184,0.00567618012895,14302TRBCH2CLLE,327910,,['LEAD'],4
152,POTTERS INDUSTRIES LLC,68,1.0,0.00499638117175,0.528735632184,0.00567618012895,13676PTTRSREYNL,327215,CARLYLE GROUP,['LEAD'],4
153,PPC A BELDEN CO,68,1.0,0.00499638117175,0.528735632184,0.00567618012895,13057THNWR6176E,333519,BELDEN INC,['LEAD'],4
154,MOOG INC,68,1.0,0.00499638117175,0.528735632184,0.00567618012895,14052MGNC SENEC,332912,MOOG INC,['LEAD'],4
155,DIELECTRIC LABORATORIES INC,68,1.0,0.00499638117175,0.528735632184,0.00567618012895,13035DLCTRRTE20,334416,KNOWLES ELECTRONICS HOLDINGS INC.,['LEAD'],4
156,CET - TONAWANDA SITE,68,1.0,0.00499638117175,0.528735632184,0.00567618012895,14240CHVRLRIVER,336350,GENERAL MOTORS LLC,['LEAD'],4
157,SANBORN PLANT,68,1.0,0.00499638117175,0.528735632184,0.00567618012895,1413WSNBRN2186C,327320,UNITED MATERIALS LLC,['LEAD'],4
158,ICM CONTROLS CORP,68,1.0,0.00499638117175,0.528735632184,0.00567618012895,13212CMCNT7313W,335314,INTERNATIONAL CONTROLS & MEASUREMENTS CORP,['LEAD'],4
159,DUNKIRK STEAM STATION,68,0.730904302019,0.00992665526256,0.533333333333,0.014999463244,14048NGRMH106PO,221112,NRG ENERGY INC,"['BARIUM COMPOUNDS', 'HYDROCHLORIC ACID (1995 AND AFTER ACID AEROSOLS"" ONLY)""', 'LEAD COMPOUNDS', 'MERCURY COMPOUNDS']",0
160,BAE SYSTEMS CONTROLS INC,68,1.0,0.00499638117175,0.528735632184,0.00567618012895,1376WBSYST198CL,334418,BAE SYSTEMS INC,['LEAD'],4
161,U S CHROME CORP OF NE W YORK,68,1.0,0.00499638117175,0.528735632184,0.00567618012895,14020SCHRM31SWA,332813,US CHROME CORP,['LEAD'],4
162,JEFFERSON ROAD OPERATIONS CENTER,68,1.0,0.00499638117175,0.528735632184,0.00567618012895,1462WJFFRS135JE,334290,HARRIS CORP,['LEAD'],4
163,ENDICOTT RESEARCH GROUP,68,1.0,0.00499638117175,0.528735632184,0.00567618012895,13760NDCTT2601W,334419,,['LEAD'],4
164,API TECHNOLOGIES CORP,68,1.0,0.00499638117175,0.528735632184,0.00567618012895,14450SNDCC72PER,334412,API TECHNOLOGIES,['LEAD'],4
165,NORTH HUDSON WOODCRAFT CORP,68,1.0,0.00499638117175,0.528735632184,0.00567618012895,13329NRTHH152NH,321999,,['LEAD'],4
166,EXELIS GEOSPATIAL SYSTEMS,68,1.0,0.00499638117175,0.528735632184,0.00567618012895,1460WXLSGS8LEER,333314,,['LEAD'],4
167,MPL INC,68,1.0,0.00499638117175,0.528735632184,0.00567618012895,14850MPLNC41DUT,334418,,['LEAD'],4
168,CLEMENTE LATHAM PORT OF ALBANY PLANT,68,1.0,0.00499638117175,0.528735632184,0.00567618012895,12202CLMNT85SPE,327320,OLDCASTLE INC,['LEAD'],4
169,MANITOU CONCRETE- DOLOMITE PRODUCTS CO,68,1.0,0.00499638117175,0.528735632184,0.00567618012895,1462WMNTCN126JE,327320,OLDCASTLE MATERIALS INC,['LEAD'],4
170,SPELLMAN HIGH VOLTAGE ELECTRON ICS,68,1.0,0.00499638117175,0.528735632184,0.00567618012895,11788SPLLM475WI,334513,,['LEAD'],4
171,AMETEK AEROSPACE & DEFENSE,68,1.0,0.00499638117175,0.528735632184,0.00567618012895,13905MTKRS33LEW,336413,AMETEK INC,['LEAD'],4
172,SILGAN CONTAINERS MANUFACTURING CORP,68,0.676470588235,0.010994140901,0.545185185185,0.0580904411135,14489FNGRLCOLER,332431,SILGAN HOLDINGS INC,"['1,2,4-TRIMETHYLBENZENE', 'CERTAIN GLYCOL ETHERS', 'N-BUTYL ALCOHOL', 'XYLENE (MIXED ISOMERS)']",1
173,CLEMENTE LATHAM LATHAM PLANT,68,1.0,0.00499638117175,0.528735632184,0.00567618012895,12047CLMNT911FN,327320,OLDCASTLE INC,['LEAD'],4
174,CHAPIN INTERNATIONAL,68,1.0,0.00499638117175,0.528735632184,0.00567618012895,14020CHPN 700EL,332999,,['LEAD'],4
175,FRONTIER HOT DIP GALVANIZING INC,68,1.0,0.00499638117175,0.528735632184,0.00567618012895,14207FRNTR1740E,332812,,['LEAD'],4
176,PRESTOLITE ELECTRIC INC,68,1.0,0.00499638117175,0.528735632184,0.00567618012895,14009PRSTL400WE,336320,BROAD OCEAN MOTOR,['LEAD'],4
177,OLDCASTLE PRECAST INC,68,1.0,0.00499638117175,0.528735632184,0.00567618012895,12161LDCST123CU,327390,OLDCASTLE INC,['LEAD'],4
178,AMERICAN CASTING & MANUFACTURING CORP,68,1.0,0.00499638117175,0.528735632184,0.00567618012895,11803MRCNC51COM,326199,,['LEAD'],4
179,FRAZER & JONES CO,68,1.0,0.00499638117175,0.528735632184,0.00567618012895,13209FRZRJ3000M,331511,THE EASTERN CO,['LEAD'],4
180,NORTH ALBANY TERMINAL CO - GLENMONT TERMINAL,68,0.841088674276,0.0117946268816,0.538799414348,0.0931655711393,1207WNRTHL552RI,424710,NORTH ALBANY TERMINAL CO,"['BENZENE', 'ETHYLBENZENE', 'N-HEXANE', 'O-XYLENE', 'TOLUENE']",1
181,NORTH AMERICAN HOGANAS - NIAGARA FALLS PLANT,68,1.0,0.00499638117175,0.528735632184,0.00567618012895,14304PYRNC5950P,331110,NORTH AMERICAN HOGANAS INC,['LEAD'],4
182,CLEMENTE LATHAM NEWBURG FACILITY,68,1.0,0.00499638117175,0.528735632184,0.00567618012895,1255WCLMNT18ARG,327320,OLDCASTLE INC,['LEAD'],4
183,IEC ELECTRONICS CORP,68,1.0,0.00499638117175,0.528735632184,0.00567618012895,14513CLCTR105NO,334418,,['LEAD'],4
184,FORD MOTOR CO BUFFALO STAMPING PLANT,68,1.0,0.00499638117175,0.528735632184,0.00567618012895,14219FRDMT53663,336370,FORD MOTOR CO,['LEAD'],4
185,GILLINDER BROTHERS INC,68,1.0,0.00499638117175,0.528735632184,0.00567618012895,12771GLLNDERIEL,327212,,['LEAD'],4
186,ORCHARD PARK PLANT,68,1.0,0.00499638117175,0.528735632184,0.00567618012895,1412WRCHRD1BANK,327320,UNITED MATERIALS LLC,['LEAD'],4
187,MEDI-RAY INC,68,1.0,0.00499638117175,0.528735632184,0.00567618012895,10707MDRYN150MA,331523,,['LEAD'],4
188,SOPARK CORP,68,1.0,0.00499638117175,0.528735632184,0.00567618012895,14218SPRKC33SPA,334418,,['LEAD'],4
189,SCIENTIFIC COMPONENTS CORP,68,1.0,0.00499638117175,0.528735632184,0.00567618012895,11235SCNTF13NEP,334419,,['LEAD'],4
190,AURUBIS BUFFALO INC,67,0.477159656264,0.014312852048,0.541973490427,0.0123114554019,14207MRCNB70SAY,331529,AURUBIS BUFFALO INC,"['COPPER', 'DIOXIN AND DIOXIN-LIKE COMPOUNDS', 'NICKEL', 'SULFURIC ACID (1994 AND AFTER ACID AEROSOLS"" ONLY)""', 'ZINC (FUME OR DUST)']",4
191,REVERE SMELTING & REFINING CORP,67,0.704658525554,0.00983634762736,0.538799414348,0.0119303097333,10940RVRSMRD2BA,331492,RSR CORP,"['ANTIMONY COMPOUNDS', 'ARSENIC COMPOUNDS', 'CHROMIUM COMPOUNDS(EXCEPT CHROMITE ORE MINED IN THE TRANSVAAL REGION)', 'DIOXIN AND DIOXIN-LIKE COMPOUNDS', 'LEAD COMPOUNDS']",0
192,FMC CORP  MIDDLEPORT PLANT,66,0.738927738928,0.0115822904949,0.53488372093,0.0846499715315,14105FMCCR100NI,325320,FMC CORP,"['1,2,4-TRIMETHYLBENZENE', 'ABAMECTIN', 'ACETOPHENONE', 'BIFENTHRIN', 'CARBOFURAN', 'CUMENE', 'DIISOCYANATES', 'N-BUTYL ALCOHOL', 'NAPHTHALENE', 'PERMETHRIN', 'XYLENE (MIXED ISOMERS)']",1
193,SAINT-GOBAIN PERFORMANCE PLAST ICS,66,0.913286713287,0.00730465970406,0.535662299854,0.0799711067684,12090FLRGL1LIBE,322220,SAINT-GOBAIN CORP,"['ETHYLBENZENE', 'TOLUENE', 'XYLENE (MIXED ISOMERS)']",1
194,AVERY DENNISON INFORMATION & BRAND MANAGEMENT DIV,66,0.899766899767,0.00771573604748,0.543574593796,0.0617779495248,10962PXRCR530RT,313320,AVERY DENNISON CORP,"['N,N-DIMETHYLFORMAMIDE', 'N-METHYL-2-PYRROLIDONE', 'TOLUENE', 'XYLENE (MIXED ISOMERS)']",1
195,CARGILL INC SALT DIV,66,0.76317016317,0.00810579411819,0.530259365994,0.0110343841079,14891CRGLL518EA,212399,CARGILL INC,"['HYDROCHLORIC ACID (1995 AND AFTER ACID AEROSOLS"" ONLY)""', 'LEAD COMPOUNDS']",0
196,THE SOUNDCOAT CO  INC,64,0.93998015873,0.00582234691969,0.534107402032,0.0578258049605,11729SNDCTONEBU,326150,RUS INC,"['TOLUENE', 'XYLENE (MIXED ISOMERS)']",1
197,GUARDIAN INDUSTRIES CORP,64,0.776785714286,0.00765855488718,0.525714285714,0.0111826029317,14456GRDNN50FOR,327211,GUARDIAN INDUSTRIES CORP,"['LEAD COMPOUNDS', 'SULFURIC ACID (1994 AND AFTER ACID AEROSOLS"" ONLY)""']",0
198,"FLAME CONTROL COATINGS,LLC",64,0.93998015873,0.00582234691969,0.534107402032,0.0578258049605,14305FLMCN4120H,325510,,"['TOLUENE', 'XYLENE (MIXED ISOMERS)']",1
199,GOWANUS GENERATING STATION,63,0.854582693292,0.00686815309538,0.532561505065,0.0923780250875,11232GWNSG29THS,221112,US POWER GENERATING CO,"['1,2,4-TRIMETHYLBENZENE', 'N-HEXANE', 'NAPHTHALENE', 'XYLENE (MIXED ISOMERS)']",1
200,PPG INDUSTRIES INC,63,0.730158730159,0.00966590767151,0.536443148688,0.0101049658953,10550SPRYL716SO,325510,PPG INDUSTRIES INC,"['CERTAIN GLYCOL ETHERS', 'LEAD COMPOUNDS']",0
201,NARROWS GENERATING STATION,63,0.854582693292,0.00686815309539,0.532561505065,0.0923780250875,11232NRRWS53RDS,221112,US POWER GENERATING CO,"['1,2,4-TRIMETHYLBENZENE', 'N-HEXANE', 'NAPHTHALENE', 'XYLENE (MIXED ISOMERS)']",1
202,ADCHEM CORP,62,0.90798519302,0.0051290049773,0.532561505065,0.05004646729,11901DCHMN1852O,322220,,"['N-HEXANE', 'TOLUENE', 'VINYL ACETATE']",1
203,LEHIGH NORTHEAST CEMENT CO - GLENS FALLS PLANT,62,0.782125859334,0.0084063285809,0.530259365994,0.0130145671748,12801GLNSF313LO,327310,LEHIGH HANSON,"['DIOXIN AND DIOXIN-LIKE COMPOUNDS', 'LEAD COMPOUNDS', 'MERCURY COMPOUNDS']",0
204,ELDERLEE INC,61,0.779781420765,0.00839568621481,0.531024531025,0.00927631185166,14518LDRLN729CR,332812,REH HOLDINGS INC,"['LEAD COMPOUNDS', 'ZINC COMPOUNDS']",0
205,WORLD KITCHEN LLC PRESSWARE PLANT,61,0.779781420765,0.008960009505,0.531024531025,0.0108216214238,14831CRNNGSTEUB,327212,WKI HOLDING CO,"['BARIUM COMPOUNDS', 'LEAD COMPOUNDS', 'ZINC COMPOUNDS']",0
206,COMMANDER TERMINALS LLC,60,0.889265536723,0.00508774226022,0.527220630372,0.0704710554914,11771CMMNDONECO,424710,GLOBAL COS LLC,"['N-HEXANE', 'NAPHTHALENE', 'XYLENE (MIXED ISOMERS)']",1
207,UNIVAR USA INC - TONAWANDA NY,60,0.920338983051,0.0045262644044,0.538799414348,0.0316093301831,14150CHMCN3709R,424690,UNIVAR USA INC,"['METHYL ISOBUTYL KETONE', 'TOLUENE']",1
208,EVANS CHEMETICS LP,60,0.498870056497,0.0149496117632,0.536443148688,0.0158447479544,13165WRGRC228EA,325199,,"['ACRYLONITRILE', 'AMMONIA', 'CHLOROACETIC ACID', 'ETHYLENE GLYCOL', 'HYDROGEN SULFIDE', 'METHYL ISOBUTYL KETONE', 'N-BUTYL ALCOHOL']",0
209,AMPHENOL CORP,58,0.588626739262,0.0118601065143,0.525714285714,0.00885358494886,13838MPHNL4060D,334417,AMPHENOL CORP,"['CYANIDE COMPOUNDS', 'HYDROCHLORIC ACID (1995 AND AFTER ACID AEROSOLS"" ONLY)""', 'NITRIC ACID', 'SULFURIC ACID (1994 AND AFTER ACID AEROSOLS"" ONLY)""']",0
210,SAINT-GOBAIN PERFORMANCE PLASTICS,58,0.925589836661,0.00706279825601,0.529496402878,0.0298450864916,12832NRTNCONESE,326199,SAINT-GOBAIN CORP,"['DIISOCYANATES', 'TOLUENE']",1
211,SAES SMART MATERIALS INC,58,0.502722323049,0.0123771073925,0.536443148688,0.00687682266368,13413SSSMR4355M,331410,SAES GETTERS SPA ITALY,"['NICKEL', 'NITRIC ACID', 'SULFURIC ACID (1994 AND AFTER ACID AEROSOLS"" ONLY)""']",0
212,"ASTRO ELECTROPLATING,INC",58,0.588626739262,0.0117078754646,0.525714285714,0.00883111115268,11706STRLC1714T,332813,,"['HYDROCHLORIC ACID (1995 AND AFTER ACID AEROSOLS"" ONLY)""', 'NITRIC ACID', 'SULFURIC ACID (1994 AND AFTER ACID AEROSOLS"" ONLY)""']",0
213,REPUBLIC STEEL -  LACKAWANNA,57,0.848997493734,0.00817963275109,0.484848484848,0.00881391114316,14218BTHLHBARRO,331110,REPUBLIC STEEL,"['CHROMIUM COMPOUNDS(EXCEPT CHROMITE ORE MINED IN THE TRANSVAAL REGION)', 'LEAD COMPOUNDS', 'NICKEL COMPOUNDS']",0
214,PRECIOUS PLATE INC,56,0.879220779221,0.00732217402168,0.525714285714,0.00966467619304,14304PRCSP2124L,332813,PRECIOUS PLATE INC,"['COPPER COMPOUNDS', 'LEAD COMPOUNDS', 'NICKEL COMPOUNDS']",0
215,BASF PEEKSKILL PIGMENT FACILITY,56,0.573376623377,0.0114766323583,0.524216524217,0.00595087761899,10566THMRL1057L,325130,BASF CORP,"['CHROMIUM COMPOUNDS(EXCEPT CHROMITE ORE MINED IN THE TRANSVAAL REGION)', 'HYDROCHLORIC ACID (1995 AND AFTER ACID AEROSOLS"" ONLY)""', 'NITRIC ACID']",0
216,CAMERON COMPRESSION SYSTEMS,55,1.0,0.00340900545775,0.527220630372,0.0291198089841,14225CPRND3101B,333912,CAMERON INTERNATIONAL CORP,['TOLUENE'],1
217,DUNMORE CORP,55,1.0,0.00340900545775,0.527220630372,0.0291198089841,10509CMVCNROUTE,326113,DUNMORE CORP,['TOLUENE'],1
218,GOTHAM INK CORP,55,1.0,0.00340900545775,0.527220630372,0.0291198089841,10980CHRMT19KAY,325910,COVAR CORP,['TOLUENE'],1
219,IIMAK,55,1.0,0.00340900545775,0.527220630372,0.0291198089841,14228NTRNT310CO,339940,,['TOLUENE'],1
220,FRIESLAND CAMPINA,55,1.0,0.00340900545775,0.527220630372,0.0291198089841,13753DLTWNROUTE,311514,,['TOLUENE'],1
221,WESTERN NEW YORK ENERGY LLC,54,0.660377358491,0.00743723430025,0.528735632184,0.0312398785747,14103WSTRN4141B,325193,,"['ACETALDEHYDE', 'ACROLEIN', 'FORMALDEHYDE', 'METHANOL', 'N-HEXANE']",1
222,CONTINENTAL BUCHANAN LLC,53,0.94412191582,0.00595936588255,0.483574244415,0.00976316993929,10511GRGPC415BR,327420,CONTINENTAL BUILDING PRODUCTS OPERATING CO LLC,"['LEAD COMPOUNDS', 'MERCURY COMPOUNDS']",0
223,OWENS CORNING,53,0.93976777939,0.0060277405865,0.482306684142,0.00847366921318,12054WNSCRRT32S,327993,OWENS CORNING,"['LEAD COMPOUNDS', 'MANGANESE COMPOUNDS']",0
224,AIR TECHNIQUES INC,51,1.0,0.00451358994011,0.481045751634,0.00728570826634,11747RTCHN1295W,339114,,['LEAD COMPOUNDS'],0
225,BONSAL AMERICAN INC,51,1.0,0.00451358994011,0.481045751634,0.00728570826634,14020MRCNS102CE,327999,OLDCASTLE INC,['LEAD COMPOUNDS'],0
226,BONSAL AMERICAN INC,51,1.0,0.00451358994011,0.481045751634,0.00728570826634,11933BNSLM462GR,327999,OLDCASTLE INC,['LEAD COMPOUNDS'],0
227,LOCKHEED MARTIN CORP,51,1.0,0.00451358994011,0.481045751634,0.00728570826634,13221GNRLLELECT,334511,LOCKHEED MARTIN CORP,['LEAD COMPOUNDS'],0
228,GE MDS LLC,51,1.0,0.00451358994011,0.481045751634,0.00728570826634,14620MCRWV175SC,334220,GENERAL ELECTRIC CO (GE CO),['LEAD COMPOUNDS'],0
229,GOLDEN ARTIST COLORS INC,51,1.0,0.00451358994011,0.481045751634,0.00728570826634,13411GLDNR188BE,339940,,['LEAD COMPOUNDS'],0
230,GW LISK CO INC,51,1.0,0.00451358994011,0.481045751634,0.00728570826634,14432GWLSK2SOUT,332999,,['LEAD COMPOUNDS'],0
231,OWENS-BROCKWAY GLASS CONTAINER INC PLANT 35,51,1.0,0.00451358994011,0.481045751634,0.00728570826634,13021CNTRLRD6CO,327213,OWENS-ILLINOIS INC,['LEAD COMPOUNDS'],0
232,PVS CHEMICAL SOLUTIONS,51,0.697254901961,0.0078139717119,0.516129032258,0.00835472795845,14210PVSCH55LEE,325180,PVS CHEMICALS INC,"['AMMONIA', 'SULFURIC ACID (1994 AND AFTER ACID AEROSOLS"" ONLY)""']",0
233,O W HUBBELL & SONS GALVANI ZING,51,1.0,0.00451358994011,0.481045751634,0.00728570826634,13417DWHBB100MA,332812,HUBBELL HOLDING CORP,['LEAD COMPOUNDS'],0
234,L D MCCAULEY LLC,51,1.0,0.00451358994011,0.481045751634,0.00728570826634,14127LDMCC3875C,332999,,['LEAD COMPOUNDS'],0
235,ANSEN CORP,51,1.0,0.00451358994011,0.481045751634,0.00728570826634,13669MRCNC100CH,334418,,['LEAD COMPOUNDS'],0
236,ARDAGH GLASS INC,51,1.0,0.00451358994011,0.481045751634,0.00728570826634,14903NCHRG151EM,327213,ARDAGH GROUP,['LEAD COMPOUNDS'],0
237,AMERICAN TECHNICAL CERAMICS,51,1.0,0.00451358994011,0.481045751634,0.00728570826634,11746MRCNTSTEPA,334416,KYOCERA INTERNATIONAL INC,['LEAD COMPOUNDS'],0
238,VARFLEX CORP,50,0.928163265306,0.00356309783411,0.519774011299,0.0296329617366,13440VRFLX512WE,335999,,"['BUTYL ACRYLATE', 'XYLENE (MIXED ISOMERS)']",1
239,CCI ROSETON LLC,49,0.666666666667,0.00478642028974,0.521985815603,0.0242365540952,12550RSTNG992RA,221112,CASTLETON COMMODITIES INTERNATIONAL LLC,"['DIOXIN AND DIOXIN-LIKE COMPOUNDS', 'NAPHTHALENE']",1
240,QUBICAAMF BOWLING PRODUCTS,48,1.0,0.00247525126974,0.518309859155,0.0289878641839,13367MFPNSUTICA,321999,QUBICAAMF BOWLING INC,['XYLENE (MIXED ISOMERS)'],1
241,RICHARD M FLYNN POWER PLANT,44,0.913319238901,0.00468703995173,0.49864498645,0.0641159736172,11742RCHRD607UN,221112,NEW YORK POWER AUTHORITY,"['1,2,4-TRIMETHYLBENZENE', 'N-HEXANE', 'NAPHTHALENE']",1
242,ALLIED NEW YORK SERVICES  INC,43,0.93023255814,0.00304623110795,0.514685314685,0.0434552425833,10001GDNNWJFKIN,424710,ALLIED AVIATION HOLDING CO,"['ETHYLBENZENE', 'NAPHTHALENE']",1
243,DIE MOLDING CORP,43,0.745293466224,0.00734157953166,0.520509193777,0.00689451945522,13163DMLDNDONAL,326199,NIAGARA PISTON,"['AMMONIA', 'PHENOL']",0
244,GENERAL SUPER PLATING CO,43,0.617940199336,0.0109632069551,0.518309859155,0.00465471578991,13057GNRLS22CEL,332813,,"['CHROMIUM COMPOUNDS(EXCEPT CHROMITE ORE MINED IN THE TRANSVAAL REGION)', 'COPPER COMPOUNDS', 'CYANIDE COMPOUNDS', 'NICKEL COMPOUNDS', 'NITRIC ACID']",0
245,BALL METAL BEVERAGE CONTAINER CORP,41,0.487804878049,0.0098278109862,0.525714285714,0.0129324294149,10940RYNLDRD2BA,332431,BALL CORP,"['CERTAIN GLYCOL ETHERS', 'FORMALDEHYDE', 'HYDROGEN FLUORIDE', 'N-BUTYL ALCOHOL']",0
246,BALL METAL BEVERAGE CONTAINER CORP,41,0.487804878049,0.0098278109862,0.525714285714,0.0129324294149,12866BLLPC1ADAM,332431,BALL CORP,"['CERTAIN GLYCOL ETHERS', 'FORMALDEHYDE', 'HYDROGEN FLUORIDE', 'N-BUTYL ALCOHOL']",0
247,ELECTRONIC DEVICES INC,41,0.69512195122,0.00812034173173,0.513249651325,0.00470913100151,10710LCTRN21GRA,334413,ELECTRONIC DEVICES INC,"['HYDROGEN FLUORIDE', 'NITRATE COMPOUNDS', 'NITRIC ACID']",0
248,AMES GOLDSMITH CORP,41,0.580487804878,0.0130604100261,0.522727272727,0.00408136084248,12801MSGLD21ROG,331492,AMES GOLDSMITH CORP,"['FORMALDEHYDE', 'NITRIC ACID', 'SILVER']",0
249,OERLIKON METCO,40,0.716666666667,0.0104588035671,0.517580872011,0.00660629566672,11590PRKNL1101P,332117,SULZER US INDUSTRIES HOLDING INC,"['ALUMINUM (FUME OR DUST)', 'CHROMIUM', 'COBALT', 'COPPER', 'NICKEL']",4
250,CHEMTRADE SOLUTIONS - SYRACUSE,40,0.835897435897,0.00582999267187,0.507586206897,0.005787164758,13209GNRLCWILLI,325180,CHEMTRADE SOLUTIONS LLC,"['AMMONIA', 'NITRATE COMPOUNDS', 'SODIUM NITRITE']",0
251,METAL CONTAINER CORP - NEWBURGH CAN PLANT,40,0.573076923077,0.0086464146435,0.520509193777,0.0112232159451,12550MTLCN1000B,332431,ANHEUSER-BUSCH INBEV,"['CERTAIN GLYCOL ETHERS', 'N-BUTYL ALCOHOL', 'SULFURIC ACID (1994 AND AFTER ACID AEROSOLS"" ONLY)""']",0
252,FIRTH RIXSON INC,39,0.730094466937,0.00962991123337,0.516853932584,0.0060158042311,14603MNRFRPOBOX,332112,FIRTH RIXSON LTD,"['CHROMIUM', 'COBALT', 'COPPER', 'NICKEL']",4
253,EATON CORP,39,0.730094466937,0.00907861032648,0.516853932584,0.00588457837094,14845CTLRH200WE,334419,EATON CORP,"['CHROMIUM', 'COPPER', 'NICKEL']",4
254,TECT UTICA,38,0.762446657183,0.00678639661184,0.511111111111,0.00397460811951,13492TCCRPHALSE,336412,UC ACQUISITIONS INC,"['HYDROGEN FLUORIDE', 'NITRIC ACID']",0
255,SAINT GOBAIN INDUSTRIAL CERAMIC INC,38,0.658605974395,0.00783104152358,0.520509193777,0.00362972519967,14304NRTNW6600W,327999,SAINT-GOBAIN CORP,"['NITRIC ACID', 'PHENOL']",0
256,SAINT-GOBAIN ADVANCED CERAMICS -STRUCTURAL CERAMICS,38,0.762446657183,0.00678639661184,0.511111111111,0.00397460811951,14302CRBRN1625B,327120,SAINT-GOBAIN CORP,"['HYDROGEN FLUORIDE', 'NITRIC ACID']",0
257,SPECIAL METALS CORP,37,0.612612612613,0.00872556034193,0.51904090268,0.00582537956248,13413SPCLMMIDDL,331491,PRECISION CASTPARTS CORP,"['CHROMIUM', 'COBALT', 'HYDROGEN FLUORIDE', 'NICKEL']",4
258,SPECIAL METALS CORP,37,0.612612612613,0.00872556034193,0.51904090268,0.00582537956248,14048SPCLMWILLO,332112,PRECISION CASTPARTS CORP,"['CHROMIUM', 'COBALT', 'HYDROGEN FLUORIDE', 'NICKEL']",4
259,CAITHNESS LONG ISLAND ENERGY CENTER,35,1.0,0.00408070102523,0.5,0.00444404738024,11980CTHNS5ZRNB,221112,CAITHNESS LONG ISLAND,['AMMONIA'],0
260,INDECK-CORINTH ENERGY CENTER,35,1.0,0.00408070102523,0.5,0.00444404738024,12822NDCKC24WHI,221112,INDECK ENERGY,['AMMONIA'],0
261,SAINT GOBAIN CORP ADVA NCED CERAMICS,35,1.0,0.00408070102523,0.5,0.00444404738024,14150CRBRN168CR,325180,SAINT-GOBAIN CORP,['AMMONIA'],0
262,INDECK-OLEAN ENERGY CENTER,35,1.0,0.00408070102523,0.5,0.00444404738024,14760NDCKL140MO,221112,INDECK ENERGY,['AMMONIA'],0
263,ROCHESTER STEEL TREATING WORKS  INC,35,1.0,0.00408070102523,0.5,0.00444404738024,14605RCHST962MA,332811,,['AMMONIA'],0
264,SURPASS CHEMICAL CO INC,35,1.0,0.00408070102523,0.5,0.00444404738024,12204SRPSS1254B,325998,SURPASS CHEMICAL CO INC,['AMMONIA'],0
265,SUGAR KAKE COOKIE INC,35,1.0,0.00408070102523,0.5,0.00444404738024,14150SGRKK570FI,311821,RALCORP HOLDINGS INC,['AMMONIA'],0
266,RENOLD INC,35,1.0,0.00408070102523,0.5,0.00444404738024,14787RNLDNBOURN,333613,RENOLD PLC,['AMMONIA'],0
267,PSEG POWER NY LLC BETHLEHEM ENERGY CENTER,35,1.0,0.00408070102523,0.5,0.00444404738024,12077NGRMHRTE14,221112,PUBLIC SERVICE ENTERPRISE GROUP,['AMMONIA'],0
268,BORGWARNER MORSE TEC CORP,35,1.0,0.00408070102523,0.5,0.00444404738024,14850BRGWR800WA,336350,BORGWARNER INC,['AMMONIA'],0
269,BORGWARNER MORSE TEC CORP,35,1.0,0.00408070102523,0.5,0.00444404738024,13045BRGWR3690L,336350,BORGWARNER INC,['AMMONIA'],0
270,DANISCO USA,35,1.0,0.00408070102523,0.5,0.00444404738024,14606GNNCR1700L,311999,E I DU PONT DE NEMOURS & CO,['AMMONIA'],0
271,BROOKLYN NAVY YARD COGENERATION FACILITY,35,1.0,0.00408070102523,0.5,0.00444404738024,11205BRKLYBROOK,221112,EIF BNY LLC,['AMMONIA'],0
272,GLENWOOD LANDING ENERGY CENTER,35,1.0,0.00408070102523,0.5,0.00444404738024,11547GLNWDSHORE,221112,NATIONAL GRID USA,['AMMONIA'],0
273,CHARLES POLETTI POWER PROJECT & 500 MW PLANT,35,1.0,0.00408070102523,0.5,0.00444404738024,11105NWYRK31032,221112,NEW YORK POWER AUTHORITY,['AMMONIA'],0
274,OLIN CORP,34,0.802139037433,0.00594564287556,0.504109589041,0.00594185528891,14303LNCHM2400B,325180,OLIN CORP,"['CHLORINE', 'HYDROCHLORIC ACID (1995 AND AFTER ACID AEROSOLS"" ONLY)""']",0
275,EVONIK INDUSTRIES,34,0.802139037433,0.00594564287556,0.504109589041,0.00594185528891,12188DGSSCSCHOO,325180,EVONIK INDUSTRIES,"['CHLORINE', 'HYDROCHLORIC ACID (1995 AND AFTER ACID AEROSOLS"" ONLY)""']",0
276,UOP TONAWANDA,34,0.812834224599,0.00627252934064,0.513249651325,0.00482943693604,14151P    175EA,332117,HONEYWELL INTERNATIONAL INC,"['COPPER', 'NICKEL']",4
277,FRED M SCHILDWACHTER & SONS INC,33,1.0,0.00184381542287,0.490666666667,0.0225708268524,10461FRDMS1400F,424710,,"['1,2,4-TRIMETHYLBENZENE']",1
278,FRAZIER INDUSTRIAL CO,33,1.0,0.00184381542287,0.490666666667,0.0225708268524,13165FRZRN1291W,337215,FRAZIER INDUSTRIAL CO,"['1,2,4-TRIMETHYLBENZENE']",1
279,SAFETY-KLEEN SYSTEMS (218701),33,0.664772727273,0.0084915787457,0.511821974965,0.00883819549087,13211SFTYK6741V,562112,CLEAN HARBORS INC,"['ETHYLENE GLYCOL', 'METHANOL']",0
280,US DOD DFSP VERONA,31,1.0,0.00150768950252,0.504109589041,0.0226430610803,13478SDFNS5449W,424710,US DEPARTMENT OF DEFENSE,['ETHYLBENZENE'],1
281,KNOWLTON TECHNOLOGIES LLC,31,0.731182795699,0.0073018640746,0.511821974965,0.0110983268553,13601KNWLT213FA,322121,KNOWLTON TECHNOLOGIES LLC,"['FORMALDEHYDE', 'METHANOL', 'PHENOL']",0
282,OCCIDENTAL CHEMICAL CORP NIAGARA PLANT,31,0.610752688172,0.00962441571532,0.514685314685,0.00652782675229,14302CCDNT4700B,325180,OCCIDENTAL CHEMICAL HOLDING CORP,"['CHLORINE', 'DIOXIN AND DIOXIN-LIKE COMPOUNDS', 'HEXACHLOROCYCLOPENTADIENE', 'TETRACHLOROETHYLENE']",0
283,QUAD/GRAPHICS INC,30,0.535632183908,0.00986901182384,0.506189821183,0.00663342184569,12866QDGRP56DUP,323111,QUAD/GRAPHICS INC,"['CERTAIN GLYCOL ETHERS', 'ETHYLENE GLYCOL', 'NITRATE COMPOUNDS']",0
284,ISLECHEM LLC,30,0.777011494253,0.00448942395126,0.512534818942,0.0102753840995,14072XYCHM2801L,325199,,"['3-CHLORO-2-METHYL-1-PROPENE', 'METHANOL', 'N,N-DIMETHYLANILINE', 'N-BUTYL ALCOHOL']",0
285,THATCHER CO OF NEW YORK,28,1.0,0.00415906580847,0.476683937824,0.00116333764477,14589THTCH4135R,325180,THATCHER CO,['NITRIC ACID'],0
286,AMSTERDAM PRINTING & LITHO,28,1.0,0.00415906580847,0.476683937824,0.00116333764477,12010MSTRDWALLI,323111,,['NITRIC ACID'],0
287,TRIPLE CITIES METAL FINISHING CORP,28,1.0,0.00415906580847,0.476683937824,0.00116333764477,13904TRPLC349IN,332813,,['NITRIC ACID'],0
288,DRESSER-RAND,28,0.783068783069,0.00667852367676,0.49864498645,0.00385100738493,14760DRSSRPOBOX,333912,DRESSER RAND,"['CHROMIUM', 'MANGANESE', 'NICKEL']",4
289,DRESSER-RAND,28,0.783068783069,0.00667852367676,0.49864498645,0.00385100738493,14895DRSSR37COA,333611,DRESSER RAND,"['CHROMIUM', 'MANGANESE', 'NICKEL']",4
290,UNITED SILICONE INC,28,1.0,0.00415906580847,0.476683937824,0.00116333764477,14086NTDSL4471W,333318,ILLINOIS TOOL WORKS INC,['NITRIC ACID'],0
291,UNIVAR USA INC - GENEVA BRANCH,28,1.0,0.00415906580847,0.476683937824,0.00116333764477,14456HBFLL61GAT,424690,UNIVAR USA INC,['NITRIC ACID'],0
292,FRIENDSHIP DAIRIES LLC,28,1.0,0.00415906580847,0.476683937824,0.00116333764477,14739FRNDSCOUNT,311511,SAPUTO DAIRY FOODS USA LLC,['NITRIC ACID'],0
293,FELDMEIER EQUIPMENT INC,28,0.783068783069,0.00667852367676,0.49864498645,0.00385100738493,13365CHRRY575EA,333241,FELDMEIER EQUIPMENT INC,"['CHROMIUM', 'MANGANESE', 'NICKEL']",4
294,FELDMEIER EQUIPMENT INC,28,0.783068783069,0.00667852367676,0.49864498645,0.00385100738493,13211FLDMR68TWN,333241,FELDMEIER EQUIPMENT INC,"['CHROMIUM', 'MANGANESE', 'NICKEL']",4
295,MATERION ADVANCED MATERIALS TECHNOLOGIES & SERVICES INC,28,1.0,0.00415906580847,0.476683937824,0.00116333764477,14214WLLMS2978M,331492,BRUSH ENGINEERED MATERIALS,['NITRIC ACID'],0
296,CORNING INC - INTEGRATED DIE MANUFACTURING,28,1.0,0.00415906580847,0.476683937824,0.00116333764477,14870CRNNGADDIA,332710,CORNING INC,['NITRIC ACID'],0
297,LEPRINO FOODS CO,28,1.0,0.00415906580847,0.476683937824,0.00116333764477,14892LPRNF400LE,311513,LEPRINO FOODS CO,['NITRIC ACID'],0
298,LOSURDO FOODS INC  HEUV,28,1.0,0.00415906580847,0.476683937824,0.00116333764477,13654LSRDF3454U,311513,LOSURDO FOODS INC,['NITRIC ACID'],0
299,ELLISON BRONZE INC,27,1.0,0.00377331175143,0.507586206897,0.00302385506925,14733LLSNB125WM,332321,,['COPPER'],4
300,HONEYWELL INTERNATIONAL INC,27,1.0,0.00377331175143,0.507586206897,0.00302385506925,12183LLDSGTIBBE,336413,HONEYWELL INTERNATIONAL INC,['COPPER'],4
301,GRAPHITE METALLIZING CORP,27,1.0,0.00377331175143,0.507586206897,0.00302385506925,10702GRPHT1050N,335991,GRAPHITE METALLIZING HOLDINGS INC,['COPPER'],4
302,COLONIAL WIRE & CABLE CO,27,1.0,0.00377331175143,0.507586206897,0.00302385506925,11788CLNLW4ENGI,332618,,['COPPER'],4
303,DAWSON METAL CO INC,27,1.0,0.00377331175143,0.507586206897,0.00302385506925,1470WDWSNM825AL,332322,,['COPPER'],4
304,MILWARD ALLOYS INC,27,1.0,0.00377331175143,0.507586206897,0.00302385506925,14094MLWRD500MI,331313,,"['COPPER', 'PHOSPHORUS (YELLOW OR WHITE)']",4
305,ANHEUSER-BUSCH LLC,27,0.854700854701,0.00323232972924,0.497297297297,0.00539744710581,13027NHSRB2885B,312120,ANHEUSER-BUSCH INBEV,"['HYDROGEN SULFIDE', 'SULFURIC ACID (1994 AND AFTER ACID AEROSOLS"" ONLY)""']",0
306,BUFFALO METAL CASTING CO INC,27,1.0,0.00377331175143,0.507586206897,0.00302385506925,14207BFFLM1875E,331524,,['COPPER'],4
307,PRATT & WHITNEY - HMI METAL POWDERS,27,0.823361823362,0.00605523716876,0.497970230041,0.00365776549028,13322HMGNS2395M,331492,UNITED TECHNOLOGIES CORP,"['ALUMINUM (FUME OR DUST)', 'CHROMIUM', 'COBALT', 'NICKEL']",4
308,MOMENTIVE SPECIALTY CHEMICALS INC - MOREAU FACILITY,27,0.854700854701,0.00483208888624,0.508990318119,0.00868013266375,12803BRDNC64FAR,325199,MOMENTIVE SPECIALTY CHEMICALS HOLDINGS LLC,"['FORMALDEHYDE', 'METHANOL']",0
309,DUPONT YERKES PLANT,26,0.606153846154,0.00749314455587,0.508990318119,0.00394012857647,14207DPNTYSHERI,326113,E I DU PONT DE NEMOURS & CO,"['BUTYL ACRYLATE', 'METHYL METHACRYLATE', 'VINYL FLUORIDE', 'ZINC COMPOUNDS']",0
310,HOOSIER MAGNETICS INC,26,1.0,0.00314655187088,0.496626180837,0.00380246941159,13669HSRMGLOWER,332811,,"['HYDROCHLORIC ACID (1995 AND AFTER ACID AEROSOLS"" ONLY)""']",0
311,XEROX CORP,26,0.498461538462,0.0066512630988,0.504801097394,0.00598639240674,14580XRXCR800PH,333316,XEROX CORP,"['DICHLOROMETHANE', 'MANGANESE', 'METHYL ISOBUTYL KETONE']",4
312,GERMANIUM CORP OF AMERICA,26,1.0,0.00314655187088,0.496626180837,0.00380246941159,13502GRMNM1634L,325998,INDIUM CORP OF AMERICA,"['HYDROCHLORIC ACID (1995 AND AFTER ACID AEROSOLS"" ONLY)""']",0
313,CPP - SYRACUSE,24,0.891304347826,0.00530717921641,0.495956873315,0.00305018869583,13037GRYSY901EA,331512,CPP CORP,"['CHROMIUM', 'COBALT', 'NICKEL']",4
314,UNITED BIOCHEMICALS,23,1.0,0.00296904801466,0.504109589041,0.0058127652456,1413WNTDBC6351I,325199,VWR,['METHANOL'],0
315,FERRONICS INC,23,0.810276679842,0.00463697398637,0.487417218543,0.00324925608575,14450FRRNC45OCO,334419,,"['MANGANESE COMPOUNDS', 'ZINC COMPOUNDS']",0
316,FINGER LAKES CHEMICAL INC,23,1.0,0.00296904801466,0.504109589041,0.0058127652456,14605FNGRL418ST,325998,FINGER LAKES CHEMICAL INC,['METHANOL'],0
317,TRUESENSE IMAGING INC,23,1.0,0.00268297520463,0.493959731544,0.00395141023801,1461WTRSNS1964L,334413,,"['SULFURIC ACID (1994 AND AFTER ACID AEROSOLS"" ONLY)""']",0
318,US ARMY WATERVLIET ARSENAL,23,0.857707509881,0.00460982125232,0.444981862152,0.0020494385101,12189SDDSRBROAD,928110,US DEPARTMENT OF DEFENSE,"['CHROMIUM', 'MANGANESE']",4
319,R H CROWN CO INC,23,1.0,0.00296904801466,0.504109589041,0.0058127652456,12095RHCRW100NM,325998,,['METHANOL'],0
320,KEDRION MELVILLE INC,23,1.0,0.00296904801466,0.504109589041,0.0058127652456,11747PRCSN155DU,325414,,['METHANOL'],0
321,BENJAMIN MOORE & CO JOHNSTOWN,22,0.5670995671,0.00735325203072,0.50341997264,0.00500637581943,12095BMCJHUNION,325510,BERKSHIRE HATHAWAY,"['BUTYL ACRYLATE', 'CERTAIN GLYCOL ETHERS', 'METHYL METHACRYLATE', 'VINYL ACETATE']",0
322,BLACKSTONE BUSINESS ENTERPRISES INC,19,1.0,0.00256488556879,0.439665471924,0.00108897157361,14701BLCKS1BLAC,332322,,['CHROMIUM'],4
323,COOPER POWER SYSTEMS LLC,19,0.894736842105,0.00568532710154,0.484848484848,0.0020409188321,14760CPRPW1648D,335931,EATON ELECTRIC HOLDINGS LLC,"['TETRABROMOBISPHENOL A', 'ZINC COMPOUNDS']",0
324,XYLEM HEAT TRANSFER,19,1.0,0.00256488556879,0.439665471924,0.00108897157361,14227TTSTN175ST,332410,FLUID HANDLING LLC,['CHROMIUM'],4
325,KAWASAKI RAIL CAR INC,19,1.0,0.00256488556879,0.439665471924,0.00108897157361,10701KWSKR29WEL,336510,KAWASAKI HEAVY INDUSTRIES,['CHROMIUM'],4
326,GARLOCK SEALING TECHNOLOGIES,18,1.0,0.00309265241473,0.484210526316,0.00203582593321,14522GRLCK1666D,339991,ENPRO INDUSTRIES INC,['ZINC COMPOUNDS'],0
327,NESTLE PURINA PETCARE CO,18,1.0,0.00309265241472,0.484210526316,0.00203582593321,14048RLSTN3800M,311111,NESTLE PURINA PETCARE CO,['ZINC COMPOUNDS'],0
328,INTERFACE SOLUTIONS INC,18,1.0,0.00309265241472,0.484210526316,0.00203582593321,12090LYDLL12DAV,339991,SUSQUEHANNA CAPITAL ACQUISITION CO,['ZINC COMPOUNDS'],0
329,INTERFACE SOLUTIONS INC,18,1.0,0.00309265241472,0.484210526316,0.00203582593321,13069RMSTRRR2BO,339991,SUSQUEHANNA CAPITAL ACQUISITION CO,['ZINC COMPOUNDS'],0
330,INTERFACE SOLUTIONS INC,18,1.0,0.00309265241472,0.484210526316,0.00203582593321,13305BSCSCMAINS,339991,SUSQUEHANNA CAPITAL ACQUISITION CO,['ZINC COMPOUNDS'],0
331,TELESCOPE CASUAL FURNITURE INC,18,1.0,0.00213449656875,0.482939632546,0.00333069489389,12832TLSCPCHURC,337122,,['DIOXIN AND DIOXIN-LIKE COMPOUNDS'],0
332,SAINT-GOBAIN ABRASIVES,16,0.808333333333,0.00382015031132,0.500680272109,0.00536759711352,12189NRTNC10THA,327910,SAINT-GOBAIN CORP,"['FORMALDEHYDE', 'PHENOL']",0
333,COMSTAR INTERNATIONAL INC,16,0.708333333333,0.00761278775329,0.495956873315,0.00414075333162,11356NDSTR20451,325611,,"['ETHYLENE GLYCOL', 'TETRACHLOROETHYLENE']",0
334,VULCRAFT OF NEW YORK INC,15,0.866666666667,0.00817064952282,0.472400513479,0.00286858688033,14825VLCRF5362R,332312,NUCOR CORP,"['CERTAIN GLYCOL ETHERS', 'SEC-BUTYL ALCOHOL']",0
335,EMPIRE FIBERGLASS PRODUCTS INC,14,0.846153846154,0.00465599580464,0.433962264151,0.00409263229507,13365MPRFBRIVER,326199,,"['METHYL METHACRYLATE', 'STYRENE']",2
336,TAYLOR MADE PRODUCTS LLC,14,0.846153846154,0.00465599580464,0.433962264151,0.00409263229507,1207WTYLRM16IND,326199,TAYLOR MADE GROUP LLC,"['METHYL METHACRYLATE', 'STYRENE']",2
337,TAYLOR MADE PRODUCTS LLC,14,0.846153846154,0.00465599580464,0.433962264151,0.00409263229507,1207WTYLRM65HAR,326199,TAYLOR MADE GROUP LLC,"['METHYL METHACRYLATE', 'STYRENE']",2
338,HAMMER PACKAGING CORP,14,1.0,0.00309719850991,0.471794871795,0.00286851838314,14586HMMRL200LU,323111,,['CERTAIN GLYCOL ETHERS'],0
339,AMERICAN ACRYLIC CORP,14,0.846153846154,0.00465599580464,0.433962264151,0.00409263229507,11704MRCNC400SH,326130,,"['METHYL METHACRYLATE', 'STYRENE']",2
340,SENECA FOODS CORP CAN PLANT,14,1.0,0.00309719850991,0.471794871795,0.00286851838314,14505SNCFD3736S,332431,SENECA FOODS CORP,['CERTAIN GLYCOL ETHERS'],0
341,BALCHEM CORP,14,0.857142857143,0.00852831625444,0.492637215529,0.00306858656377,10973BLCHMROUTE,311119,BALCHEM CORP,"['ETHYLENE GLYCOL', 'ETHYLENE OXIDE']",0
342,DERRICK CORP,14,1.0,0.00309719850991,0.471794871795,0.00286851838314,14225DRRCK3350U,333132,DERRICK CORP,['CERTAIN GLYCOL ETHERS'],0
343,DERRICK CORP,14,1.0,0.00309719850991,0.471794871795,0.00286851838314,14225DRRCK590DU,333132,DERRICK CORP,['CERTAIN GLYCOL ETHERS'],0
344,UNICELL BODY CO INC,14,0.846153846154,0.00465599580464,0.433962264151,0.00409263229507,14206NCLLB575HO,336112,,"['METHYL METHACRYLATE', 'STYRENE']",2
345,SAFETY-KLEEN SYSTEMS (211808),13,1.0,0.00348067464123,0.491978609626,0.00306851328865,11701SFTYK8SEAB,562112,CLEAN HARBORS INC,['ETHYLENE GLYCOL'],0
346,JCI JONES CHEMICALS INC,13,1.0,0.00222010551762,0.479166666667,0.00216835297998,10990JNSCHRIVER,424690,JCI JONES CHEMICALS INC,['CHLORINE'],0
347,JCI JONES CHEMICALS INC,13,1.0,0.00222010551762,0.479166666667,0.00216835297998,14423JNSCH100SU,424690,JCI JONES CHEMICALS INC,['CHLORINE'],0
348,SAFETY-KLEEN SYSTEMS (202802),13,1.0,0.00348067464123,0.491978609626,0.00306851328865,14414SFTYK1525W,562112,CLEAN HARBORS INC,['ETHYLENE GLYCOL'],0
349,JAMESTOWN ELECTRO PLATING WORKS INC,13,1.0,0.00222010551762,0.479166666667,0.00216835297998,14702JMSTW105WA,332813,,['CHLORINE'],0
350,SAFETY-KLEEN SYSTEMS (211801),13,1.0,0.00348067464123,0.491978609626,0.00306851328865,10994SFTYK5SNAK,562112,CLEAN HARBORS INC,['ETHYLENE GLYCOL'],0
351,VANCHLOR CO INC,13,1.0,0.00222010551762,0.479166666667,0.00216835297998,14094VNCHL555WE,325180,,['CHLORINE'],0
352,KEMPER SYSTEM AMERICA INC,13,1.0,0.00348067464123,0.491978609626,0.00306851328865,14224XCLPR12NAM,325510,,['ETHYLENE GLYCOL'],0
353,GOODYEAR TIRE & RUBBER CO,13,0.769230769231,0.0062977137376,0.49864498645,0.00701163881397,14304THGDY5408B,325199,THE GOODYEAR TIRE & RUBBER CO,"['ANILINE', 'DIPHENYLAMINE', 'HYDROQUINONE', 'O-TOLUIDINE', 'O-XYLENE', 'PHENOL']",0
354,AMERICAN LAMP RECYCLING LLC,13,1.0,0.00110301618007,0.433962264151,0.00252505758169,1254WMRCNL55RIV,423930,,['MERCURY COMPOUNDS'],0
355,SOUTHERN GRAPHIC SYSTEMS LLC,12,1.0,0.00131188126658,0.484210526316,0.00190215452727,13135STHRN67COU,323120,SGS INTERNATIONAL,['COPPER COMPOUNDS'],0
356,ALLVAC - LOCKPORT PLANT,12,0.909090909091,0.00272429483468,0.41581920904,0.00160630865761,14094LLGHN695OH,331492,ALLEGHENY TECHNOLOGIES INC,"['CHROMIUM COMPOUNDS(EXCEPT CHROMITE ORE MINED IN THE TRANSVAAL REGION)', 'NICKEL COMPOUNDS']",0
357,ENGINEERED COMPOSITES INC,12,1.0,0.00298496794034,0.432941176471,0.00295940591078,14206NGNRD55RBE,325991,ENGINEERED COMPOSITES INC,['STYRENE'],2
358,AN-COR INDUSTRIAL PLASTICS,12,1.0,0.00298496794034,0.432941176471,0.00295940591078,14120NCRND100ME,326199,,['STYRENE'],2
359,TRIAD TECHNOLOGIES INC,12,1.0,0.00298496794034,0.432941176471,0.00295940591078,13204TRDTC15SPE,326199,,['STYRENE'],2
360,REMEE CASTING,12,1.0,0.00298496794034,0.432941176471,0.00295940591078,14527RMCST118MN,326199,ROTO SALT,['STYRENE'],2
361,NIACET CORP,11,0.909090909091,0.00211531879414,0.493297587131,0.00256132047095,14304NCTCR40047,325199,NIACET CORP,"['CHLOROACETIC ACID', 'PHENOL']",0
362,RHI MONOFRAX LLC,10,1.0,0.00172903634904,0.413019079686,0.00104309431851,14733MNFRX501NE,327120,RHI AG,['CHROMIUM COMPOUNDS(EXCEPT CHROMITE ORE MINED IN THE TRANSVAAL REGION)'],0
363,HARTCHROM INC,10,1.0,0.00172903634904,0.413019079686,0.00104309431851,1218WHRTCH25GIB,332813,,['CHROMIUM COMPOUNDS(EXCEPT CHROMITE ORE MINED IN THE TRANSVAAL REGION)'],0
364,FENNER PRECISION,9,0.583333333333,0.00516231153806,0.489361702128,0.00320910860389,14215WNFLD33CLA,326199,,"['N-METHYL-2-PYRROLIDONE', 'TRICHLOROETHYLENE']",5
365,ULTRALIFE CORP,9,1.0,0.000917681707879,0.408888888889,0.00122927082077,14873LTRLF2000T,335912,,['MANGANESE COMPOUNDS'],0
366,UNITHER MANUFACTURING LLC,8,1.0,0.00188877566372,0.482939632546,0.00243069805491,14623PNNWL755JE,325412,UNITHER US CORP,['DICHLOROMETHANE'],1
367,CARESTREAM HEALTH INC ISC B-14,8,1.0,0.00188877566372,0.482939632546,0.00243069805491,14615CRSTR149WR,334517,ONEX CORP,['DICHLOROMETHANE'],1
368,WYETH,8,1.0,0.00188877566372,0.482939632546,0.00243069805491,12979YRSTL64MAP,325412,PFIZER INC,['DICHLOROMETHANE'],1
369,ORTHO-CLINICAL DIAGNOSTICS BUILDING 313,6,0.466666666667,0.0113802739239,0.433962264151,0.00190080576818,14652JHNSN300WE,339112,JOHNSON & JOHNSON INC,"['M-XYLENE', 'O-XYLENE', 'TERT-BUTYL ALCOHOL']",1
370,GASSER & SONS INC,5,1.0,0.00248619029892,0.449328449328,0.00111125197556,11725GSSRS440MO,332119,,['TRICHLOROETHYLENE'],5
371,API HEAT TRANSFER INC,5,1.0,0.00248619029892,0.449328449328,0.00111125197556,14009PRTCH91NST,332410,API HEAT TRANSFER INC,"['1,2-DICHLOROETHYLENE', 'TRICHLOROETHYLENE']",5
372,UTICA CUTLERY CO,5,1.0,0.00248619029892,0.449328449328,0.00111125197556,13502TCCTL820NO,332215,,['TRICHLOROETHYLENE'],5
373,ABBOTT INDUSTRIES INC,4,1.0,0.00181156314108,0.427906976744,0.00109242451989,11435BBTND95251,332119,,['TETRACHLOROETHYLENE'],0
374,HUNTER PANELS LLC,4,1.0,0.00125769275844,0.363636363636,0.000870755537183,12401HNTRP1700E,326150,CARLISLE COS INC,['DIISOCYANATES'],1
375,HUNTER PANELS LLC,4,1.0,0.00125769275844,0.363636363636,0.000870755537183,1254WHNTRP9HUDS,326150,,['DIISOCYANATES'],1
376,SAFETY-KLEEN SYSTEMS INC BUFFALO OIL RECOVERY FACILITY,4,1.0,0.00181156314108,0.427906976744,0.00109242451989,14210SFTYK60KAT,324191,CLEAN HARBORS INC.,['TETRACHLOROETHYLENE'],0
377,3M CO - TONAWANDA,4,1.0,0.00125769275844,0.363636363636,0.000870755537183,14150GNRLM305SA,325211,3M CO,"['CARBON DISULFIDE', 'DIISOCYANATES']",1
378,AMES GOLDSMITH,3,1.0,0.00178438917581,0.366899302094,4.81355597895e-05,12803NBCNC50HAR,331492,,['SILVER'],4
379,UMICORE TECHNICAL MATERIALS NA INC,3,1.0,0.00178438917581,0.366899302094,4.81355597895e-05,12801MSLCT9PRUY,332618,UMICORE USA INC,['SILVER'],4
380,PALL CORP,2,1.0,0.0018115942029,0.30313014827,9.35661143688e-06,11788RRSRC225MA,339999,PALL CORP,['TERT-BUTYL ALCOHOL'],1
381,PALL CORP PALL TRINITY MICRO DIV,2,1.0,0.0018115942029,0.30313014827,9.35661143688e-06,13045PLLTR3643W,332999,PALL CORP,['TERT-BUTYL ALCOHOL'],1
382,SOLEPOXY INC,2,0.0,0.000350925066361,0.424942263279,0.00104480962984,14760HYSLL211FR,325991,SOLEPOXY INC,"['HEXACHLOROBENZENE', 'TETRABROMOBISPHENOL A']",0
383,STERIGENICS US LLC - QUEENSBURY NY FACILITY,1,0.0,-3.28818571444e-21,0.330341113106,1.50314817317e-05,12801GRFFT27PAR,561910,STERIGENICS U.S. LLC,['ETHYLENE OXIDE'],0
384,CONMED CORP,1,0.0,3.87216749733e-17,0.354869816779,0.000151874672788,13503GNRLLFRENC,334510,,['DI(2-ETHYLHEXYL) PHTHALATE'],1
385,ARKEMA INC,1,0.0,0.0,0.354527938343,0.000510652378311,14533PNNWLROUTE,325199,ARKEMA DELAWARE INC,"['BENZOYL CHLORIDE', 'BENZOYL PEROXIDE', 'CUMENE HYDROPEROXIDE', 'MALEIC ANHYDRIDE']",1
386,CUMMINS INC JAMESTOWN ENGINE PLANT,1,0.0,8.03895643467e-17,0.321116928447,1.40516394448e-05,14750CMMNS4720B,333618,CUMMINS INC,['SEC-BUTYL ALCOHOL'],0
